t,mode,phase,target1,target2,actual1,actual2,duty1,duty2,v_batt,a1,a2,ff
0.0,software,tgt=500,500,-500,0.0,0.0,207,-207,13.3,,,
0.0413,software,tgt=500,500,-500,0.0,0.0,219,-219,13.3,,,
0.0623,software,tgt=500,500,-500,0.0,0.0,225,-225,13.3,,,
0.0833,software,tgt=500,500,-500,0.0,0.0,232,-232,13.3,,,
0.104,software,tgt=500,500,-500,0.0,0.0,238,-238,13.3,,,
0.1246,software,tgt=500,500,-500,0.0,0.0,244,-244,13.3,,,
0.1452,software,tgt=500,500,-500,0.0,0.0,250,-250,13.3,,,
0.1658,software,tgt=500,500,-500,0.0,0.0,256,-256,13.3,,,
0.1863,software,tgt=500,500,-500,0.0,0.0,262,-262,13.3,,,
0.2069,software,tgt=500,500,-500,0.0,0.0,269,-269,13.3,,,
0.2276,software,tgt=500,500,-500,0.0,0.0,283,-283,12.6,,,
0.2684,software,tgt=500,500,-500,0.0,0.0,296,-296,12.6,,,
0.2893,software,tgt=500,500,-500,0.0,0.0,302,-302,12.6,,,
0.3102,software,tgt=500,500,-500,0.0,0.0,308,-308,12.6,,,
0.3308,software,tgt=500,500,-500,0.0,0.0,314,-314,12.6,,,
0.3513,software,tgt=500,500,-500,0.0,0.0,321,-321,12.6,,,
0.3718,software,tgt=500,500,-500,0.0,0.0,327,-327,12.6,,,
0.3924,software,tgt=500,500,-500,0.0,0.0,333,-333,12.6,,,
0.4132,software,tgt=500,500,-500,0.0,0.0,339,-339,12.6,,,
0.4341,software,tgt=500,500,-500,0.0,0.0,345,-345,12.6,,,
0.4548,software,tgt=500,500,-500,0.0,0.0,354,-354,12.4,,,
0.4961,software,tgt=500,500,-500,0.0,0.0,367,-367,12.4,,,
0.517,software,tgt=500,500,-500,0.0,0.0,373,-373,12.4,,,
0.5376,software,tgt=500,500,-500,0.0,0.0,379,-379,12.4,,,
0.5585,software,tgt=500,500,-500,0.0,0.0,385,-385,12.4,,,
0.5796,software,tgt=500,500,-500,0.0,0.0,392,-392,12.4,,,
0.6003,software,tgt=500,500,-500,0.0,0.0,398,-398,12.4,,,
0.621,software,tgt=500,500,-500,0.0,0.0,404,-404,12.4,,,
0.6419,software,tgt=500,500,-500,0.0,0.0,410,-410,12.4,,,
0.6628,software,tgt=500,500,-500,0.0,0.0,417,-417,12.4,,,
0.6836,software,tgt=500,500,-500,0.0,0.0,427,-427,12.1,,,
0.7247,software,tgt=500,500,-500,0.0,0.0,439,-439,12.1,,,
0.7455,software,tgt=500,500,-500,0.0,0.0,446,-446,12.1,,,
0.7664,software,tgt=500,500,-500,0.0,0.0,452,-452,12.1,,,
0.7873,software,tgt=500,500,-500,0.0,0.0,458,-458,12.1,,,
0.8081,software,tgt=500,500,-500,0.0,0.0,464,-464,12.1,,,
0.8287,software,tgt=500,500,-500,0.0,0.0,471,-471,12.1,,,
0.8492,software,tgt=500,500,-500,0.0,0.0,477,-477,12.1,,,
0.8696,software,tgt=500,500,-500,0.0,0.0,483,-483,12.1,,,
0.8901,software,tgt=500,500,-500,0.0,0.0,489,-489,12.1,,,
0.9107,software,tgt=500,500,-500,0.0,0.0,497,-497,12.0,,,
0.9515,software,tgt=500,500,-500,0.0,0.0,509,-509,12.0,,,
0.9721,software,tgt=500,500,-500,0.0,0.0,515,-515,12.0,,,
0.9927,software,tgt=500,500,-500,0.0,0.0,521,-521,12.0,,,
1.0136,software,tgt=500,500,-500,0.0,0.0,528,-528,12.0,,,
1.0346,software,tgt=500,500,-500,0.0,0.0,534,-534,12.0,,,
1.0555,software,tgt=500,500,-500,0.0,0.0,540,-540,12.0,,,
1.0765,software,tgt=500,500,-500,0.0,0.0,546,-546,12.0,,,
1.0974,software,tgt=500,500,-500,0.0,0.0,553,-553,12.0,,,
1.1183,software,tgt=500,500,-500,0.0,0.0,559,-559,12.0,,,
1.1389,software,tgt=500,500,-500,0.0,0.0,570,-570,11.7,,,
1.18,software,tgt=500,500,-500,0.0,0.0,582,-582,11.7,,,
1.2008,software,tgt=500,500,-500,0.0,0.0,588,-588,11.7,,,
1.2217,software,tgt=500,500,-500,0.0,0.0,594,-594,11.7,,,
1.2426,software,tgt=500,500,-500,0.0,0.0,601,-601,11.7,,,
1.2633,software,tgt=500,500,-500,0.0,0.0,607,-607,11.7,,,
1.2842,software,tgt=500,500,-500,0.0,0.0,613,-613,11.7,,,
1.3051,software,tgt=500,500,-500,0.0,0.0,619,-619,11.7,,,
1.326,software,tgt=500,500,-500,0.0,0.0,626,-626,11.7,,,
1.3467,software,tgt=500,500,-500,0.0,0.0,632,-632,11.7,,,
1.3674,software,tgt=500,500,-500,0.0,0.0,641,-641,11.5,,,
1.4083,software,tgt=500,500,-500,0.0,0.0,654,-654,11.5,,,
1.4289,software,tgt=500,500,-500,0.0,0.0,660,-660,11.5,,,
1.4498,software,tgt=500,500,-500,0.0,0.0,666,-666,11.5,,,
1.4708,software,tgt=500,500,-500,0.0,0.0,672,-672,11.5,,,
1.4915,software,tgt=500,500,-500,0.0,0.0,678,-678,11.5,,,
1.5122,software,tgt=500,500,-500,0.0,0.0,685,-685,11.5,,,
1.533,software,tgt=500,500,-500,0.0,0.0,691,-691,11.5,,,
1.5535,software,tgt=500,500,-500,0.0,0.0,697,-697,11.5,,,
1.5742,software,tgt=500,500,-500,0.0,0.0,703,-703,11.5,,,
1.5949,software,tgt=500,500,-500,0.0,0.0,711,-711,11.4,,,
1.6358,software,tgt=500,500,-500,0.0,0.0,712,-712,11.4,,,
1.6563,software,tgt=500,500,-500,0.0,0.0,712,-712,11.4,,,
1.677,software,tgt=500,500,-500,0.0,0.0,712,-712,11.4,,,
1.6977,software,tgt=500,500,-500,0.0,0.0,712,-712,11.4,,,
1.7185,software,tgt=500,500,-500,0.0,0.0,712,-712,11.4,,,
1.739,software,tgt=500,500,-500,0.0,0.0,712,-712,11.4,,,
1.7597,software,tgt=500,500,-500,0.0,0.0,712,-712,11.4,,,
1.7803,software,tgt=500,500,-500,0.0,0.0,712,-712,11.4,,,
1.8009,software,tgt=500,500,-500,0.0,0.0,712,-712,11.4,,,
1.8218,software,tgt=500,500,-500,0.0,0.0,714,-714,11.3,,,
1.8628,software,tgt=500,500,-500,0.0,0.0,714,-714,11.3,,,
1.8834,software,tgt=500,500,-500,0.0,0.0,714,-714,11.3,,,
1.9042,software,tgt=500,500,-500,0.0,0.0,714,-714,11.3,,,
1.9254,software,tgt=500,500,-500,0.0,0.0,714,-714,11.3,,,
1.9462,software,tgt=500,500,-500,0.0,0.0,714,-714,11.3,,,
1.9669,software,tgt=500,500,-500,0.0,0.0,714,-714,11.3,,,
1.9876,software,tgt=500,500,-500,0.0,0.0,714,-714,11.3,,,
2.0083,software,tgt=500,500,-500,0.0,0.0,714,-714,11.3,,,
2.0292,software,tgt=500,500,-500,0.0,0.0,714,-714,11.3,,,
2.0503,software,tgt=500,500,-500,0.0,0.0,712,-712,11.4,,,
2.0916,software,tgt=500,500,-500,0.0,0.0,712,-712,11.4,,,
2.1126,software,tgt=500,500,-500,0.0,0.0,712,-712,11.4,,,
2.1335,software,tgt=500,500,-500,0.0,0.0,712,-712,11.4,,,
2.1543,software,tgt=500,500,-500,0.0,0.0,712,-712,11.4,,,
2.1751,software,tgt=500,500,-500,0.0,0.0,712,-712,11.4,,,
2.1961,software,tgt=500,500,-500,0.0,0.0,712,-712,11.4,,,
2.2171,software,tgt=500,500,-500,0.0,0.0,712,-712,11.4,,,
2.238,software,tgt=500,500,-500,0.0,0.0,712,-712,11.4,,,
2.259,software,tgt=500,500,-500,0.0,0.0,712,-712,11.4,,,
2.2799,software,tgt=500,500,-500,0.0,0.0,712,-712,11.4,,,
2.321,software,tgt=500,500,-500,0.0,0.0,712,-712,11.4,,,
2.3418,software,tgt=500,500,-500,0.0,0.0,712,-712,11.4,,,
2.3626,software,tgt=500,500,-500,0.0,0.0,712,-712,11.4,,,
2.3835,software,tgt=500,500,-500,0.0,0.0,712,-712,11.4,,,
2.4044,software,tgt=500,500,-500,0.0,0.0,712,-712,11.4,,,
2.4251,software,tgt=500,500,-500,0.0,0.0,712,-712,11.4,,,
2.446,software,tgt=500,500,-500,0.0,0.0,712,-712,11.4,,,
2.4666,software,tgt=500,500,-500,0.0,0.0,712,-712,11.4,,,
2.4872,software,tgt=500,500,-500,0.0,0.0,712,-712,11.4,,,
2.5079,software,tgt=1000,1000,-1000,0.0,0.0,941,-941,11.5,,,
2.5488,software,tgt=1000,1000,-1000,0.0,0.0,941,-941,11.5,,,
2.5695,software,tgt=1000,1000,-1000,0.0,0.0,941,-941,11.5,,,
2.5902,software,tgt=1000,1000,-1000,0.0,0.0,941,-941,11.5,,,
2.6109,software,tgt=1000,1000,-1000,0.0,0.0,941,-941,11.5,,,
2.6318,software,tgt=1000,1000,-1000,0.0,0.0,941,-941,11.5,,,
2.6526,software,tgt=1000,1000,-1000,0.0,0.0,941,-941,11.5,,,
2.6732,software,tgt=1000,1000,-1000,0.0,0.0,941,-941,11.5,,,
2.694,software,tgt=1000,1000,-1000,0.0,0.0,941,-941,11.5,,,
2.7147,software,tgt=1000,1000,-1000,0.0,0.0,941,-941,11.5,,,
2.7354,software,tgt=1000,1000,-1000,0.0,0.0,958,-958,11.0,,,
2.7762,software,tgt=1000,1000,-1000,0.0,0.0,958,-958,11.0,,,
2.797,software,tgt=1000,1000,-1000,0.0,0.0,958,-958,11.0,,,
2.8177,software,tgt=1000,1000,-1000,0.0,0.0,958,-958,11.0,,,
2.8383,software,tgt=1000,1000,-1000,0.0,0.0,958,-958,11.0,,,
2.8588,software,tgt=1000,1000,-1000,0.0,0.0,958,-958,11.0,,,
2.8795,software,tgt=1000,1000,-1000,0.0,0.0,958,-958,11.0,,,
2.9003,software,tgt=1000,1000,-1000,0.0,0.0,958,-958,11.0,,,
2.9211,software,tgt=1000,1000,-1000,0.0,0.0,958,-958,11.0,,,
2.9419,software,tgt=1000,1000,-1000,0.0,0.0,958,-958,11.0,,,
2.9625,software,tgt=1000,1000,-1000,0.0,0.0,958,-958,11.0,,,
3.0037,software,tgt=1000,1000,-1000,0.0,0.0,958,-958,11.0,,,
3.0242,software,tgt=1000,1000,-1000,0.0,0.0,958,-958,11.0,,,
3.0445,software,tgt=1000,1000,-1000,0.0,0.0,958,-958,11.0,,,
3.0651,software,tgt=1000,1000,-1000,0.0,0.0,958,-958,11.0,,,
3.0859,software,tgt=1000,1000,-1000,0.0,0.0,958,-958,11.0,,,
3.1066,software,tgt=1000,1000,-1000,0.0,0.0,958,-958,11.0,,,
3.1274,software,tgt=1000,1000,-1000,0.0,0.0,958,-958,11.0,,,
3.1482,software,tgt=1000,1000,-1000,0.0,0.0,958,-958,11.0,,,
3.1688,software,tgt=1000,1000,-1000,0.0,0.0,958,-958,11.0,,,
3.1895,software,tgt=1000,1000,-1000,0.0,0.0,961,-961,10.9,,,
3.2305,software,tgt=1000,1000,-1000,0.0,0.0,961,-961,10.9,,,
3.251,software,tgt=1000,1000,-1000,0.0,0.0,961,-961,10.9,,,
3.2716,software,tgt=1000,1000,-1000,0.0,0.0,961,-961,10.9,,,
3.2922,software,tgt=1000,1000,-1000,0.0,0.0,961,-961,10.9,,,
3.3129,software,tgt=1000,1000,-1000,0.0,0.0,961,-961,10.9,,,
3.3335,software,tgt=1000,1000,-1000,0.0,0.0,961,-961,10.9,,,
3.3544,software,tgt=1000,1000,-1000,0.0,0.0,961,-961,10.9,,,
3.3751,software,tgt=1000,1000,-1000,0.0,0.0,961,-961,10.9,,,
3.3958,software,tgt=1000,1000,-1000,0.0,0.0,961,-961,10.9,,,
3.4164,software,tgt=1000,1000,-1000,0.0,0.0,954,-954,11.1,,,
3.4571,software,tgt=1000,1000,-1000,0.0,0.0,954,-954,11.1,,,
3.4778,software,tgt=1000,1000,-1000,0.0,0.0,954,-954,11.1,,,
3.4987,software,tgt=1000,1000,-1000,0.0,0.0,954,-954,11.1,,,
3.5194,software,tgt=1000,1000,-1000,0.0,0.0,954,-954,11.1,,,
3.5399,software,tgt=1000,1000,-1000,0.0,0.0,954,-954,11.1,,,
3.5603,software,tgt=1000,1000,-1000,0.0,0.0,954,-954,11.1,,,
3.5807,software,tgt=1000,1000,-1000,0.0,0.0,954,-954,11.1,,,
3.601,software,tgt=1000,1000,-1000,0.0,0.0,954,-954,11.1,,,
3.6214,software,tgt=1000,1000,-1000,0.0,0.0,954,-954,11.1,,,
3.642,software,tgt=1000,1000,-1000,0.0,0.0,954,-954,11.1,,,
3.6831,software,tgt=1000,1000,-1000,0.0,0.0,954,-954,11.1,,,
3.7041,software,tgt=1000,1000,-1000,0.0,0.0,954,-954,11.1,,,
3.7249,software,tgt=1000,1000,-1000,0.0,0.0,954,-954,11.1,,,
3.7458,software,tgt=1000,1000,-1000,0.0,0.0,954,-954,11.1,,,
3.7665,software,tgt=1000,1000,-1000,0.0,0.0,954,-954,11.1,,,
3.7874,software,tgt=1000,1000,-1000,0.0,0.0,954,-954,11.1,,,
3.8082,software,tgt=1000,1000,-1000,0.0,0.0,954,-954,11.1,,,
3.8289,software,tgt=1000,1000,-1000,0.0,0.0,954,-954,11.1,,,
3.8498,software,tgt=1000,1000,-1000,0.0,0.0,954,-954,11.1,,,
3.8706,software,tgt=1000,1000,-1000,0.0,0.0,958,-958,11.0,,,
3.9115,software,tgt=1000,1000,-1000,0.0,0.0,958,-958,11.0,,,
3.9321,software,tgt=1000,1000,-1000,0.0,0.0,958,-958,11.0,,,
3.9528,software,tgt=1000,1000,-1000,0.0,0.0,958,-958,11.0,,,
3.9733,software,tgt=1000,1000,-1000,0.0,0.0,958,-958,11.0,,,
3.9939,software,tgt=1000,1000,-1000,0.0,0.0,958,-958,11.0,,,
4.0144,software,tgt=1000,1000,-1000,0.0,0.0,958,-958,11.0,,,
4.0347,software,tgt=1000,1000,-1000,0.0,0.0,958,-958,11.0,,,
4.055,software,tgt=1000,1000,-1000,0.0,0.0,958,-958,11.0,,,
4.0754,software,tgt=1000,1000,-1000,0.0,0.0,958,-958,11.0,,,
4.0959,software,tgt=1000,1000,-1000,0.0,0.0,958,-958,11.0,,,
4.1368,software,tgt=1000,1000,-1000,0.0,0.0,958,-958,11.0,,,
4.1574,software,tgt=1000,1000,-1000,0.0,0.0,958,-958,11.0,,,
4.1784,software,tgt=1000,1000,-1000,0.0,0.0,958,-958,11.0,,,
4.1992,software,tgt=1000,1000,-1000,0.0,0.0,958,-958,11.0,,,
4.2199,software,tgt=1000,1000,-1000,0.0,0.0,958,-958,11.0,,,
4.2407,software,tgt=1000,1000,-1000,0.0,0.0,958,-958,11.0,,,
4.2614,software,tgt=1000,1000,-1000,0.0,0.0,958,-958,11.0,,,
4.282,software,tgt=1000,1000,-1000,0.0,0.0,958,-958,11.0,,,
4.3027,software,tgt=1000,1000,-1000,0.0,0.0,958,-958,11.0,,,
4.3233,software,tgt=1000,1000,-1000,0.0,0.0,958,-958,11.0,,,
4.3643,software,tgt=1000,1000,-1000,0.0,0.0,958,-958,11.0,,,
4.385,software,tgt=1000,1000,-1000,0.0,0.0,958,-958,11.0,,,
4.4056,software,tgt=1000,1000,-1000,0.0,0.0,958,-958,11.0,,,
4.4261,software,tgt=1000,1000,-1000,0.0,0.0,958,-958,11.0,,,
4.4467,software,tgt=1000,1000,-1000,0.0,0.0,958,-958,11.0,,,
4.4674,software,tgt=1000,1000,-1000,0.0,0.0,958,-958,11.0,,,
4.4879,software,tgt=1000,1000,-1000,0.0,0.0,958,-958,11.0,,,
4.5085,software,tgt=1000,1000,-1000,0.0,0.0,958,-958,11.0,,,
4.5292,software,tgt=1000,1000,-1000,0.0,0.0,958,-958,11.0,,,
4.5498,software,tgt=1000,1000,-1000,0.0,0.0,954,-954,11.1,,,
4.5907,software,tgt=1000,1000,-1000,0.0,0.0,954,-954,11.1,,,
4.6113,software,tgt=1000,1000,-1000,0.0,0.0,954,-954,11.1,,,
4.6318,software,tgt=1000,1000,-1000,0.0,0.0,954,-954,11.1,,,
4.6522,software,tgt=1000,1000,-1000,0.0,0.0,954,-954,11.1,,,
4.6728,software,tgt=1000,1000,-1000,0.0,0.0,954,-954,11.1,,,
4.6934,software,tgt=1000,1000,-1000,0.0,0.0,954,-954,11.1,,,
4.7143,software,tgt=1000,1000,-1000,0.0,0.0,954,-954,11.1,,,
4.7352,software,tgt=1000,1000,-1000,0.0,0.0,954,-954,11.1,,,
4.756,software,tgt=1000,1000,-1000,0.0,0.0,954,-954,11.1,,,
4.7767,software,tgt=1000,1000,-1000,0.0,0.0,958,-958,11.0,,,
4.8176,software,tgt=1000,1000,-1000,0.0,0.0,958,-958,11.0,,,
4.8381,software,tgt=1000,1000,-1000,0.0,0.0,958,-958,11.0,,,
4.8587,software,tgt=1000,1000,-1000,0.0,0.0,958,-958,11.0,,,
4.8793,software,tgt=1000,1000,-1000,0.0,0.0,958,-958,11.0,,,
4.9,software,tgt=1000,1000,-1000,0.0,0.0,958,-958,11.0,,,
4.9206,software,tgt=1000,1000,-1000,0.0,0.0,958,-958,11.0,,,
4.9412,software,tgt=1000,1000,-1000,0.0,0.0,958,-958,11.0,,,
4.9618,software,tgt=1000,1000,-1000,0.0,0.0,958,-958,11.0,,,
4.9825,software,tgt=1000,1000,-1000,0.0,0.0,958,-958,11.0,,,
5.0031,software,tgt=1000,1000,-1000,0.0,0.0,954,-954,11.1,,,
5.0439,software,tgt=2000,2000,-2000,0.0,0.0,1000,-1000,11.1,,,
5.0645,software,tgt=2000,2000,-2000,0.0,0.0,1000,-1000,11.1,,,
5.0852,software,tgt=2000,2000,-2000,0.0,0.0,1000,-1000,11.1,,,
5.1058,software,tgt=2000,2000,-2000,0.0,0.0,1000,-1000,11.1,,,
5.1263,software,tgt=2000,2000,-2000,0.0,0.0,1000,-1000,11.1,,,
5.1467,software,tgt=2000,2000,-2000,0.0,0.0,1000,-1000,11.1,,,
5.167,software,tgt=2000,2000,-2000,0.0,0.0,1000,-1000,11.1,,,
5.1873,software,tgt=2000,2000,-2000,0.0,0.0,1000,-1000,11.1,,,
5.2076,software,tgt=2000,2000,-2000,0.0,0.0,1000,-1000,11.1,,,
5.228,software,tgt=2000,2000,-2000,0.0,0.0,1000,-1000,10.9,,,
5.2687,software,tgt=2000,2000,-2000,0.0,0.0,1000,-1000,10.9,,,
5.2893,software,tgt=2000,2000,-2000,0.0,0.0,1000,-1000,10.9,,,
5.31,software,tgt=2000,2000,-2000,0.0,0.0,1000,-1000,10.9,,,
5.3307,software,tgt=2000,2000,-2000,0.0,0.0,1000,-1000,10.9,,,
5.3513,software,tgt=2000,2000,-2000,0.0,0.0,1000,-1000,10.9,,,
5.372,software,tgt=2000,2000,-2000,0.0,0.0,1000,-1000,10.9,,,
5.3926,software,tgt=2000,2000,-2000,0.0,0.0,1000,-1000,10.9,,,
5.413,software,tgt=2000,2000,-2000,0.0,0.0,1000,-1000,10.9,,,
5.4336,software,tgt=2000,2000,-2000,0.0,0.0,1000,-1000,10.9,,,
5.4541,software,tgt=2000,2000,-2000,0.0,0.0,1000,-1000,11.0,,,
5.495,software,tgt=2000,2000,-2000,0.0,0.0,1000,-1000,11.0,,,
5.5156,software,tgt=2000,2000,-2000,0.0,0.0,1000,-1000,11.0,,,
5.5362,software,tgt=2000,2000,-2000,0.0,0.0,1000,-1000,11.0,,,
5.5567,software,tgt=2000,2000,-2000,0.0,0.0,1000,-1000,11.0,,,
5.5774,software,tgt=2000,2000,-2000,0.0,0.0,1000,-1000,11.0,,,
5.5978,software,tgt=2000,2000,-2000,0.0,0.0,1000,-1000,11.0,,,
5.6181,software,tgt=2000,2000,-2000,0.0,0.0,1000,-1000,11.0,,,
5.6384,software,tgt=2000,2000,-2000,0.0,0.0,1000,-1000,11.0,,,
5.6589,software,tgt=2000,2000,-2000,0.0,0.0,1000,-1000,11.0,,,
5.6795,software,tgt=2000,2000,-2000,0.0,0.0,1000,-1000,10.9,,,
5.7203,software,tgt=2000,2000,-2000,0.0,0.0,1000,-1000,10.9,,,
5.7408,software,tgt=2000,2000,-2000,0.0,0.0,1000,-1000,10.9,,,
5.7614,software,tgt=2000,2000,-2000,0.0,0.0,1000,-1000,10.9,,,
5.7819,software,tgt=2000,2000,-2000,0.0,0.0,1000,-1000,10.9,,,
5.8025,software,tgt=2000,2000,-2000,0.0,0.0,1000,-1000,10.9,,,
5.823,software,tgt=2000,2000,-2000,0.0,0.0,1000,-1000,10.9,,,
5.8433,software,tgt=2000,2000,-2000,0.0,0.0,1000,-1000,10.9,,,
5.8639,software,tgt=2000,2000,-2000,0.0,0.0,1000,-1000,10.9,,,
5.8845,software,tgt=2000,2000,-2000,0.0,0.0,1000,-1000,10.9,,,
5.9051,software,tgt=2000,2000,-2000,0.0,0.0,1000,-1000,11.0,,,
5.9459,software,tgt=2000,2000,-2000,0.0,0.0,1000,-1000,11.0,,,
5.9665,software,tgt=2000,2000,-2000,0.0,0.0,1000,-1000,11.0,,,
5.9871,software,tgt=2000,2000,-2000,0.0,0.0,1000,-1000,11.0,,,
6.0078,software,tgt=2000,2000,-2000,0.0,0.0,1000,-1000,11.0,,,
6.0284,software,tgt=2000,2000,-2000,0.0,0.0,1000,-1000,11.0,,,
6.0489,software,tgt=2000,2000,-2000,0.0,0.0,1000,-1000,11.0,,,
6.0695,software,tgt=2000,2000,-2000,0.0,0.0,1000,-1000,11.0,,,
6.0904,software,tgt=2000,2000,-2000,0.0,0.0,1000,-1000,11.0,,,
6.1112,software,tgt=2000,2000,-2000,0.0,0.0,1000,-1000,11.0,,,
6.132,software,tgt=2000,2000,-2000,0.0,0.0,1000,-1000,11.0,,,
6.1732,software,tgt=2000,2000,-2000,0.0,0.0,1000,-1000,11.0,,,
6.1938,software,tgt=2000,2000,-2000,0.0,0.0,1000,-1000,11.0,,,
6.2143,software,tgt=2000,2000,-2000,0.0,0.0,1000,-1000,11.0,,,
6.2348,software,tgt=2000,2000,-2000,0.0,0.0,1000,-1000,11.0,,,
6.2553,software,tgt=2000,2000,-2000,0.0,0.0,1000,-1000,11.0,,,
6.2759,software,tgt=2000,2000,-2000,0.0,0.0,1000,-1000,11.0,,,
6.2965,software,tgt=2000,2000,-2000,0.0,0.0,1000,-1000,11.0,,,
6.3172,software,tgt=2000,2000,-2000,0.0,0.0,1000,-1000,11.0,,,
6.3381,software,tgt=2000,2000,-2000,0.0,0.0,1000,-1000,11.0,,,
6.359,software,tgt=2000,2000,-2000,0.0,0.0,1000,-1000,11.0,,,
6.3997,software,tgt=2000,2000,-2000,0.0,0.0,1000,-1000,11.0,,,
6.4202,software,tgt=2000,2000,-2000,0.0,0.0,1000,-1000,11.0,,,
6.4407,software,tgt=2000,2000,-2000,0.0,0.0,1000,-1000,11.0,,,
6.4613,software,tgt=2000,2000,-2000,0.0,0.0,1000,-1000,11.0,,,
6.482,software,tgt=2000,2000,-2000,0.0,0.0,1000,-1000,11.0,,,
6.503,software,tgt=2000,2000,-2000,0.0,0.0,1000,-1000,11.0,,,
6.5239,software,tgt=2000,2000,-2000,0.0,0.0,1000,-1000,11.0,,,
6.5449,software,tgt=2000,2000,-2000,0.0,0.0,1000,-1000,11.0,,,
6.5655,software,tgt=2000,2000,-2000,0.0,0.0,1000,-1000,11.0,,,
6.5861,software,tgt=2000,2000,-2000,0.0,0.0,1000,-1000,11.0,,,
6.627,software,tgt=2000,2000,-2000,0.0,0.0,1000,-1000,11.0,,,
6.6475,software,tgt=2000,2000,-2000,0.0,0.0,1000,-1000,11.0,,,
6.6681,software,tgt=2000,2000,-2000,0.0,0.0,1000,-1000,11.0,,,
6.6888,software,tgt=2000,2000,-2000,0.0,0.0,1000,-1000,11.0,,,
6.7094,software,tgt=2000,2000,-2000,0.0,0.0,1000,-1000,11.0,,,
6.73,software,tgt=2000,2000,-2000,0.0,0.0,1000,-1000,11.0,,,
6.7505,software,tgt=2000,2000,-2000,0.0,0.0,1000,-1000,11.0,,,
6.771,software,tgt=2000,2000,-2000,0.0,0.0,1000,-1000,11.0,,,
6.7917,software,tgt=2000,2000,-2000,0.0,0.0,1000,-1000,11.0,,,
6.8122,software,tgt=2000,2000,-2000,0.0,0.0,1000,-1000,11.0,,,
6.8532,software,tgt=2000,2000,-2000,0.0,0.0,1000,-1000,11.0,,,
6.8738,software,tgt=2000,2000,-2000,0.0,0.0,1000,-1000,11.0,,,
6.8944,software,tgt=2000,2000,-2000,0.0,0.0,1000,-1000,11.0,,,
6.9149,software,tgt=2000,2000,-2000,0.0,0.0,1000,-1000,11.0,,,
6.9354,software,tgt=2000,2000,-2000,0.0,0.0,1000,-1000,11.0,,,
6.956,software,tgt=2000,2000,-2000,0.0,0.0,1000,-1000,11.0,,,
6.9766,software,tgt=2000,2000,-2000,0.0,0.0,1000,-1000,11.0,,,
6.9972,software,tgt=2000,2000,-2000,0.0,0.0,1000,-1000,11.0,,,
7.0178,software,tgt=2000,2000,-2000,0.0,0.0,1000,-1000,11.0,,,
7.0384,software,tgt=2000,2000,-2000,0.0,0.0,1000,-1000,11.0,,,
7.0792,software,tgt=2000,2000,-2000,0.0,0.0,1000,-1000,11.0,,,
7.0998,software,tgt=2000,2000,-2000,0.0,0.0,1000,-1000,11.0,,,
7.1206,software,tgt=2000,2000,-2000,0.0,0.0,1000,-1000,11.0,,,
7.1412,software,tgt=2000,2000,-2000,0.0,0.0,1000,-1000,11.0,,,
7.1619,software,tgt=2000,2000,-2000,0.0,0.0,1000,-1000,11.0,,,
7.1829,software,tgt=2000,2000,-2000,0.0,0.0,1000,-1000,11.0,,,
7.2038,software,tgt=2000,2000,-2000,0.0,0.0,1000,-1000,11.0,,,
7.2247,software,tgt=2000,2000,-2000,0.0,0.0,1000,-1000,11.0,,,
7.2456,software,tgt=2000,2000,-2000,0.0,0.0,1000,-1000,11.0,,,
7.2663,software,tgt=2000,2000,-2000,0.0,0.0,1000,-1000,11.0,,,
7.3073,software,tgt=2000,2000,-2000,0.0,0.0,1000,-1000,11.0,,,
7.3282,software,tgt=2000,2000,-2000,0.0,0.0,1000,-1000,11.0,,,
7.3491,software,tgt=2000,2000,-2000,0.0,0.0,1000,-1000,11.0,,,
7.3698,software,tgt=2000,2000,-2000,0.0,0.0,1000,-1000,11.0,,,
7.3904,software,tgt=2000,2000,-2000,0.0,0.0,1000,-1000,11.0,,,
7.4109,software,tgt=2000,2000,-2000,0.0,0.0,1000,-1000,11.0,,,
7.4315,software,tgt=2000,2000,-2000,0.0,0.0,1000,-1000,11.0,,,
7.4521,software,tgt=2000,2000,-2000,0.0,0.0,1000,-1000,11.0,,,
7.4729,software,tgt=2000,2000,-2000,0.0,0.0,1000,-1000,11.0,,,
7.4936,software,tgt=2000,2000,-2000,0.0,0.0,1000,-1000,11.0,,,
7.5344,software,tgt=2000,2000,-2000,0.0,0.0,1000,-1000,11.0,,,
7.555,software,tgt=3000,3000,-3000,0.0,0.0,1000,-1000,11.0,,,
7.5755,software,tgt=3000,3000,-3000,0.0,0.0,1000,-1000,11.0,,,
7.5962,software,tgt=3000,3000,-3000,0.0,0.0,1000,-1000,11.0,,,
7.6168,software,tgt=3000,3000,-3000,0.0,0.0,1000,-1000,11.0,,,
7.6375,software,tgt=3000,3000,-3000,0.0,0.0,1000,-1000,11.0,,,
7.6581,software,tgt=3000,3000,-3000,0.0,0.0,1000,-1000,11.0,,,
7.6788,software,tgt=3000,3000,-3000,0.0,0.0,1000,-1000,11.0,,,
7.6994,software,tgt=3000,3000,-3000,0.0,0.0,1000,-1000,11.0,,,
7.7199,software,tgt=3000,3000,-3000,0.0,0.0,1000,-1000,11.0,,,
7.7607,software,tgt=3000,3000,-3000,0.0,0.0,1000,-1000,11.0,,,
7.7812,software,tgt=3000,3000,-3000,0.0,0.0,1000,-1000,11.0,,,
7.8018,software,tgt=3000,3000,-3000,0.0,0.0,1000,-1000,11.0,,,
7.8228,software,tgt=3000,3000,-3000,0.0,0.0,1000,-1000,11.0,,,
7.8434,software,tgt=3000,3000,-3000,0.0,0.0,1000,-1000,11.0,,,
7.864,software,tgt=3000,3000,-3000,0.0,0.0,1000,-1000,11.0,,,
7.8846,software,tgt=3000,3000,-3000,0.0,0.0,1000,-1000,11.0,,,
7.9055,software,tgt=3000,3000,-3000,0.0,0.0,1000,-1000,11.0,,,
7.9263,software,tgt=3000,3000,-3000,0.0,0.0,1000,-1000,11.0,,,
7.947,software,tgt=3000,3000,-3000,0.0,0.0,1000,-1000,11.0,,,
7.9879,software,tgt=3000,3000,-3000,0.0,0.0,1000,-1000,11.0,,,
8.0083,software,tgt=3000,3000,-3000,0.0,0.0,1000,-1000,11.0,,,
8.0286,software,tgt=3000,3000,-3000,0.0,0.0,1000,-1000,11.0,,,
8.0489,software,tgt=3000,3000,-3000,0.0,0.0,1000,-1000,11.0,,,
8.0694,software,tgt=3000,3000,-3000,0.0,0.0,1000,-1000,11.0,,,
8.09,software,tgt=3000,3000,-3000,0.0,0.0,1000,-1000,11.0,,,
8.1106,software,tgt=3000,3000,-3000,0.0,0.0,1000,-1000,11.0,,,
8.1316,software,tgt=3000,3000,-3000,0.0,0.0,1000,-1000,11.0,,,
8.1525,software,tgt=3000,3000,-3000,0.0,0.0,1000,-1000,11.0,,,
8.1736,software,tgt=3000,3000,-3000,0.0,0.0,1000,-1000,11.0,,,
8.2147,software,tgt=3000,3000,-3000,0.0,0.0,1000,-1000,11.0,,,
8.2357,software,tgt=3000,3000,-3000,0.0,0.0,1000,-1000,11.0,,,
8.2566,software,tgt=3000,3000,-3000,0.0,0.0,1000,-1000,11.0,,,
8.2776,software,tgt=3000,3000,-3000,0.0,0.0,1000,-1000,11.0,,,
8.2986,software,tgt=3000,3000,-3000,0.0,0.0,1000,-1000,11.0,,,
8.3195,software,tgt=3000,3000,-3000,0.0,0.0,1000,-1000,11.0,,,
8.3405,software,tgt=3000,3000,-3000,0.0,0.0,1000,-1000,11.0,,,
8.3613,software,tgt=3000,3000,-3000,0.0,0.0,1000,-1000,11.0,,,
8.3821,software,tgt=3000,3000,-3000,0.0,0.0,1000,-1000,11.0,,,
8.403,software,tgt=3000,3000,-3000,0.0,0.0,1000,-1000,11.0,,,
8.4443,software,tgt=3000,3000,-3000,0.0,0.0,1000,-1000,11.0,,,
8.465,software,tgt=3000,3000,-3000,0.0,0.0,1000,-1000,11.0,,,
8.4857,software,tgt=3000,3000,-3000,0.0,0.0,1000,-1000,11.0,,,
8.5064,software,tgt=3000,3000,-3000,0.0,0.0,1000,-1000,11.0,,,
8.5271,software,tgt=3000,3000,-3000,0.0,0.0,1000,-1000,11.0,,,
8.5479,software,tgt=3000,3000,-3000,0.0,0.0,1000,-1000,11.0,,,
8.5685,software,tgt=3000,3000,-3000,0.0,0.0,1000,-1000,11.0,,,
8.589,software,tgt=3000,3000,-3000,0.0,0.0,1000,-1000,11.0,,,
8.6096,software,tgt=3000,3000,-3000,0.0,0.0,1000,-1000,11.0,,,
8.6303,software,tgt=3000,3000,-3000,0.0,0.0,1000,-1000,11.0,,,
8.6712,software,tgt=3000,3000,-3000,0.0,0.0,1000,-1000,11.0,,,
8.6918,software,tgt=3000,3000,-3000,0.0,0.0,1000,-1000,11.0,,,
8.7124,software,tgt=3000,3000,-3000,0.0,0.0,1000,-1000,11.0,,,
8.733,software,tgt=3000,3000,-3000,0.0,0.0,1000,-1000,11.0,,,
8.7535,software,tgt=3000,3000,-3000,0.0,0.0,1000,-1000,11.0,,,
8.7744,software,tgt=3000,3000,-3000,0.0,0.0,1000,-1000,11.0,,,
8.7951,software,tgt=3000,3000,-3000,0.0,0.0,1000,-1000,11.0,,,
8.8157,software,tgt=3000,3000,-3000,0.0,0.0,1000,-1000,11.0,,,
8.8363,software,tgt=3000,3000,-3000,0.0,0.0,1000,-1000,11.0,,,
8.8569,software,tgt=3000,3000,-3000,0.0,0.0,1000,-1000,10.9,,,
8.8978,software,tgt=3000,3000,-3000,0.0,0.0,1000,-1000,10.9,,,
8.9184,software,tgt=3000,3000,-3000,0.0,0.0,1000,-1000,10.9,,,
8.939,software,tgt=3000,3000,-3000,0.0,0.0,1000,-1000,10.9,,,
8.9596,software,tgt=3000,3000,-3000,0.0,0.0,1000,-1000,10.9,,,
8.9802,software,tgt=3000,3000,-3000,0.0,0.0,1000,-1000,10.9,,,
9.0009,software,tgt=3000,3000,-3000,0.0,0.0,1000,-1000,10.9,,,
9.0213,software,tgt=3000,3000,-3000,0.0,0.0,1000,-1000,10.9,,,
9.0416,software,tgt=3000,3000,-3000,0.0,0.0,1000,-1000,10.9,,,
9.0619,software,tgt=3000,3000,-3000,0.0,0.0,1000,-1000,10.9,,,
9.0824,software,tgt=3000,3000,-3000,0.0,0.0,1000,-1000,11.1,,,
9.1234,software,tgt=3000,3000,-3000,0.0,0.0,1000,-1000,11.1,,,
9.144,software,tgt=3000,3000,-3000,0.0,0.0,1000,-1000,11.1,,,
9.1646,software,tgt=3000,3000,-3000,0.0,0.0,1000,-1000,11.1,,,
9.1851,software,tgt=3000,3000,-3000,0.0,0.0,1000,-1000,11.1,,,
9.2057,software,tgt=3000,3000,-3000,0.0,0.0,1000,-1000,11.1,,,
9.2264,software,tgt=3000,3000,-3000,0.0,0.0,1000,-1000,11.1,,,
9.247,software,tgt=3000,3000,-3000,0.0,0.0,1000,-1000,11.1,,,
9.2676,software,tgt=3000,3000,-3000,0.0,0.0,1000,-1000,11.1,,,
9.2884,software,tgt=3000,3000,-3000,0.0,0.0,1000,-1000,11.1,,,
9.3093,software,tgt=3000,3000,-3000,0.0,0.0,1000,-1000,11.0,,,
9.3507,software,tgt=3000,3000,-3000,0.0,0.0,1000,-1000,11.0,,,
9.3715,software,tgt=3000,3000,-3000,0.0,0.0,1000,-1000,11.0,,,
9.3923,software,tgt=3000,3000,-3000,0.0,0.0,1000,-1000,11.0,,,
9.4129,software,tgt=3000,3000,-3000,0.0,0.0,1000,-1000,11.0,,,
9.4337,software,tgt=3000,3000,-3000,0.0,0.0,1000,-1000,11.0,,,
9.4545,software,tgt=3000,3000,-3000,0.0,0.0,1000,-1000,11.0,,,
9.4756,software,tgt=3000,3000,-3000,0.0,0.0,1000,-1000,11.0,,,
9.4965,software,tgt=3000,3000,-3000,0.0,0.0,1000,-1000,11.0,,,
9.5172,software,tgt=3000,3000,-3000,0.0,0.0,1000,-1000,11.0,,,
9.538,software,tgt=3000,3000,-3000,0.0,0.0,1000,-1000,11.1,,,
9.5794,software,tgt=3000,3000,-3000,0.0,0.0,1000,-1000,11.1,,,
9.6004,software,tgt=3000,3000,-3000,0.0,0.0,1000,-1000,11.1,,,
9.6213,software,tgt=3000,3000,-3000,0.0,0.0,1000,-1000,11.1,,,
9.6423,software,tgt=3000,3000,-3000,0.0,0.0,1000,-1000,11.1,,,
9.6631,software,tgt=3000,3000,-3000,0.0,0.0,1000,-1000,11.1,,,
9.6839,software,tgt=3000,3000,-3000,0.0,0.0,1000,-1000,11.1,,,
9.7044,software,tgt=3000,3000,-3000,0.0,0.0,1000,-1000,11.1,,,
9.7248,software,tgt=3000,3000,-3000,0.0,0.0,1000,-1000,11.1,,,
9.7452,software,tgt=3000,3000,-3000,0.0,0.0,1000,-1000,11.1,,,
9.7656,software,tgt=3000,3000,-3000,0.0,0.0,1000,-1000,11.0,,,
9.8063,software,tgt=3000,3000,-3000,0.0,0.0,1000,-1000,11.0,,,
9.8271,software,tgt=3000,3000,-3000,0.0,0.0,1000,-1000,11.0,,,
9.848,software,tgt=3000,3000,-3000,0.0,0.0,1000,-1000,11.0,,,
9.8688,software,tgt=3000,3000,-3000,0.0,0.0,1000,-1000,11.0,,,
9.8897,software,tgt=3000,3000,-3000,0.0,0.0,1000,-1000,11.0,,,
9.9103,software,tgt=3000,3000,-3000,0.0,0.0,1000,-1000,11.0,,,
9.9309,software,tgt=3000,3000,-3000,0.0,0.0,1000,-1000,11.0,,,
9.9513,software,tgt=3000,3000,-3000,0.0,0.0,1000,-1000,11.0,,,
9.9718,software,tgt=3000,3000,-3000,0.0,0.0,1000,-1000,11.0,,,
9.9923,software,tgt=3000,3000,-3000,0.0,0.0,1000,-1000,11.0,,,
10.0331,software,tgt=3000,3000,-3000,0.0,0.0,1000,-1000,11.0,,,
10.0538,software,tgt=3000,3000,-3000,0.0,0.0,1000,-1000,11.0,,,
10.0745,software,tgt=1000,1000,-1000,0.0,0.0,958,-958,11.0,,,
10.095,software,tgt=1000,1000,-1000,0.0,0.0,958,-958,11.0,,,
10.1156,software,tgt=1000,1000,-1000,0.0,0.0,958,-958,11.0,,,
10.1362,software,tgt=1000,1000,-1000,0.0,0.0,958,-958,11.0,,,
10.1569,software,tgt=1000,1000,-1000,0.0,0.0,958,-958,11.0,,,
10.1775,software,tgt=1000,1000,-1000,0.0,0.0,958,-958,11.0,,,
10.1981,software,tgt=1000,1000,-1000,0.0,0.0,958,-958,11.0,,,
10.2187,software,tgt=1000,1000,-1000,0.0,0.0,954,-954,11.1,,,
10.2597,software,tgt=1000,1000,-1000,0.0,0.0,954,-954,11.1,,,
10.2802,software,tgt=1000,1000,-1000,0.0,0.0,954,-954,11.1,,,
10.301,software,tgt=1000,1000,-1000,0.0,0.0,954,-954,11.1,,,
10.3218,software,tgt=1000,1000,-1000,0.0,0.0,954,-954,11.1,,,
10.3428,software,tgt=1000,1000,-1000,0.0,0.0,954,-954,11.1,,,
10.3635,software,tgt=1000,1000,-1000,0.0,0.0,954,-954,11.1,,,
10.3841,software,tgt=1000,1000,-1000,0.0,0.0,954,-954,11.1,,,
10.4046,software,tgt=1000,1000,-1000,0.0,0.0,954,-954,11.1,,,
10.4252,software,tgt=1000,1000,-1000,0.0,0.0,954,-954,11.1,,,
10.4459,software,tgt=1000,1000,-1000,0.0,0.0,954,-954,11.1,,,
10.4869,software,tgt=1000,1000,-1000,0.0,0.0,954,-954,11.1,,,
10.5074,software,tgt=1000,1000,-1000,0.0,0.0,954,-954,11.1,,,
10.5279,software,tgt=1000,1000,-1000,0.0,0.0,954,-954,11.1,,,
10.5486,software,tgt=1000,1000,-1000,0.0,0.0,954,-954,11.1,,,
10.5691,software,tgt=1000,1000,-1000,0.0,0.0,954,-954,11.1,,,
10.5896,software,tgt=1000,1000,-1000,0.0,0.0,954,-954,11.1,,,
10.6101,software,tgt=1000,1000,-1000,0.0,0.0,954,-954,11.1,,,
10.6308,software,tgt=1000,1000,-1000,0.0,0.0,954,-954,11.1,,,
10.6515,software,tgt=1000,1000,-1000,0.0,0.0,954,-954,11.1,,,
10.6721,software,tgt=1000,1000,-1000,0.0,0.0,958,-958,11.0,,,
10.713,software,tgt=1000,1000,-1000,0.0,0.0,958,-958,11.0,,,
10.7337,software,tgt=1000,1000,-1000,0.0,0.0,958,-958,11.0,,,
10.7543,software,tgt=1000,1000,-1000,0.0,0.0,958,-958,11.0,,,
10.7749,software,tgt=1000,1000,-1000,0.0,0.0,958,-958,11.0,,,
10.7955,software,tgt=1000,1000,-1000,0.0,0.0,958,-958,11.0,,,
10.8161,software,tgt=1000,1000,-1000,0.0,0.0,958,-958,11.0,,,
10.8367,software,tgt=1000,1000,-1000,0.0,0.0,958,-958,11.0,,,
10.8573,software,tgt=1000,1000,-1000,0.0,0.0,958,-958,11.0,,,
10.878,software,tgt=1000,1000,-1000,0.0,0.0,958,-958,11.0,,,
10.8987,software,tgt=1000,1000,-1000,0.0,0.0,954,-954,11.1,,,
10.9395,software,tgt=1000,1000,-1000,0.0,0.0,954,-954,11.1,,,
10.9601,software,tgt=1000,1000,-1000,0.0,0.0,954,-954,11.1,,,
10.9808,software,tgt=1000,1000,-1000,0.0,0.0,954,-954,11.1,,,
11.0013,software,tgt=1000,1000,-1000,0.0,0.0,954,-954,11.1,,,
11.0219,software,tgt=1000,1000,-1000,0.0,0.0,954,-954,11.1,,,
11.0425,software,tgt=1000,1000,-1000,0.0,0.0,954,-954,11.1,,,
11.0629,software,tgt=1000,1000,-1000,0.0,0.0,954,-954,11.1,,,
11.0836,software,tgt=1000,1000,-1000,0.0,0.0,954,-954,11.1,,,
11.104,software,tgt=1000,1000,-1000,0.0,0.0,954,-954,11.1,,,
11.1244,software,tgt=1000,1000,-1000,0.0,0.0,954,-954,11.1,,,
11.1651,software,tgt=1000,1000,-1000,0.0,0.0,954,-954,11.1,,,
11.1858,software,tgt=1000,1000,-1000,0.0,0.0,954,-954,11.1,,,
11.2065,software,tgt=1000,1000,-1000,0.0,0.0,954,-954,11.1,,,
11.227,software,tgt=1000,1000,-1000,0.0,0.0,954,-954,11.1,,,
11.2476,software,tgt=1000,1000,-1000,0.0,0.0,954,-954,11.1,,,
11.2681,software,tgt=1000,1000,-1000,0.0,0.0,954,-954,11.1,,,
11.2887,software,tgt=1000,1000,-1000,0.0,0.0,954,-954,11.1,,,
11.3093,software,tgt=1000,1000,-1000,0.0,0.0,954,-954,11.1,,,
11.3301,software,tgt=1000,1000,-1000,0.0,0.0,954,-954,11.1,,,
11.351,software,tgt=1000,1000,-1000,0.0,0.0,951,-951,11.2,,,
11.3922,software,tgt=1000,1000,-1000,0.0,0.0,951,-951,11.2,,,
11.413,software,tgt=1000,1000,-1000,0.0,0.0,951,-951,11.2,,,
11.4338,software,tgt=1000,1000,-1000,0.0,0.0,951,-951,11.2,,,
11.4547,software,tgt=1000,1000,-1000,0.0,0.0,951,-951,11.2,,,
11.4755,software,tgt=1000,1000,-1000,0.0,0.0,951,-951,11.2,,,
11.4965,software,tgt=1000,1000,-1000,0.0,0.0,951,-951,11.2,,,
11.5174,software,tgt=1000,1000,-1000,0.0,0.0,951,-951,11.2,,,
11.5384,software,tgt=1000,1000,-1000,0.0,0.0,951,-951,11.2,,,
11.559,software,tgt=1000,1000,-1000,0.0,0.0,951,-951,11.2,,,
11.5798,software,tgt=1000,1000,-1000,0.0,0.0,954,-954,11.1,,,
11.6207,software,tgt=1000,1000,-1000,0.0,0.0,954,-954,11.1,,,
11.6413,software,tgt=1000,1000,-1000,0.0,0.0,954,-954,11.1,,,
11.6618,software,tgt=1000,1000,-1000,0.0,0.0,954,-954,11.1,,,
11.6825,software,tgt=1000,1000,-1000,0.0,0.0,954,-954,11.1,,,
11.7032,software,tgt=1000,1000,-1000,0.0,0.0,954,-954,11.1,,,
11.7237,software,tgt=1000,1000,-1000,0.0,0.0,954,-954,11.1,,,
11.7444,software,tgt=1000,1000,-1000,0.0,0.0,954,-954,11.1,,,
11.7652,software,tgt=1000,1000,-1000,0.0,0.0,954,-954,11.1,,,
11.7859,software,tgt=1000,1000,-1000,0.0,0.0,954,-954,11.1,,,
11.8065,software,tgt=1000,1000,-1000,0.0,0.0,954,-954,11.1,,,
11.8469,software,tgt=1000,1000,-1000,0.0,0.0,954,-954,11.1,,,
11.8672,software,tgt=1000,1000,-1000,0.0,0.0,954,-954,11.1,,,
11.8877,software,tgt=1000,1000,-1000,0.0,0.0,954,-954,11.1,,,
11.9084,software,tgt=1000,1000,-1000,0.0,0.0,954,-954,11.1,,,
11.929,software,tgt=1000,1000,-1000,0.0,0.0,954,-954,11.1,,,
11.9497,software,tgt=1000,1000,-1000,0.0,0.0,954,-954,11.1,,,
11.9704,software,tgt=1000,1000,-1000,0.0,0.0,954,-954,11.1,,,
11.9911,software,tgt=1000,1000,-1000,0.0,0.0,954,-954,11.1,,,
12.0117,software,tgt=1000,1000,-1000,0.0,0.0,954,-954,11.1,,,
12.0323,software,tgt=1000,1000,-1000,0.0,0.0,958,-958,11.0,,,
12.0731,software,tgt=1000,1000,-1000,0.0,0.0,958,-958,11.0,,,
12.0934,software,tgt=1000,1000,-1000,0.0,0.0,958,-958,11.0,,,
12.1139,software,tgt=1000,1000,-1000,0.0,0.0,958,-958,11.0,,,
12.1345,software,tgt=1000,1000,-1000,0.0,0.0,958,-958,11.0,,,
12.1551,software,tgt=1000,1000,-1000,0.0,0.0,958,-958,11.0,,,
12.1757,software,tgt=1000,1000,-1000,0.0,0.0,958,-958,11.0,,,
12.1963,software,tgt=1000,1000,-1000,0.0,0.0,958,-958,11.0,,,
12.217,software,tgt=1000,1000,-1000,0.0,0.0,958,-958,11.0,,,
12.2376,software,tgt=1000,1000,-1000,0.0,0.0,958,-958,11.0,,,
12.2582,software,tgt=1000,1000,-1000,0.0,0.0,951,-951,11.2,,,
12.2989,software,tgt=1000,1000,-1000,0.0,0.0,951,-951,11.2,,,
12.3196,software,tgt=1000,1000,-1000,0.0,0.0,951,-951,11.2,,,
12.3403,software,tgt=1000,1000,-1000,0.0,0.0,951,-951,11.2,,,
12.3609,software,tgt=1000,1000,-1000,0.0,0.0,951,-951,11.2,,,
12.3814,software,tgt=1000,1000,-1000,0.0,0.0,951,-951,11.2,,,
12.402,software,tgt=1000,1000,-1000,0.0,0.0,951,-951,11.2,,,
12.4225,software,tgt=1000,1000,-1000,0.0,0.0,951,-951,11.2,,,
12.4431,software,tgt=1000,1000,-1000,0.0,0.0,951,-951,11.2,,,
12.4634,software,tgt=1000,1000,-1000,0.0,0.0,951,-951,11.2,,,
12.484,software,tgt=1000,1000,-1000,0.0,0.0,951,-951,11.2,,,
12.5246,software,tgt=1000,1000,-1000,0.0,0.0,951,-951,11.2,,,
12.5449,software,tgt=1000,1000,-1000,0.0,0.0,951,-951,11.2,,,
12.5655,software,tgt=1000,1000,-1000,0.0,0.0,951,-951,11.2,,,
12.5862,software,tgt=0,0,0,0.0,0.0,480,-480,11.2,,,
12.6069,software,tgt=0,0,0,0.0,0.0,480,-480,11.2,,,
12.6277,software,tgt=0,0,0,0.0,0.0,480,-480,11.2,,,
12.6483,software,tgt=0,0,0,0.0,0.0,480,-480,11.2,,,
12.6688,software,tgt=0,0,0,0.0,0.0,480,-480,11.2,,,
12.6895,software,tgt=0,0,0,0.0,0.0,480,-480,11.2,,,
12.7104,software,tgt=0,0,0,0.0,0.0,480,-480,14.7,,,
12.7517,software,tgt=0,0,0,0.0,0.0,480,-480,14.7,,,
12.7726,software,tgt=0,0,0,0.0,0.0,480,-480,14.7,,,
12.7934,software,tgt=0,0,0,0.0,0.0,480,-480,14.7,,,
12.8143,software,tgt=0,0,0,0.0,0.0,480,-480,14.7,,,
12.8352,software,tgt=0,0,0,0.0,0.0,480,-480,14.7,,,
12.8562,software,tgt=0,0,0,0.0,0.0,480,-480,14.7,,,
12.877,software,tgt=0,0,0,0.0,0.0,480,-480,14.7,,,
12.8977,software,tgt=0,0,0,0.0,0.0,480,-480,14.7,,,
12.9183,software,tgt=0,0,0,0.0,0.0,480,-480,14.7,,,
12.9388,software,tgt=0,0,0,0.0,0.0,480,-480,14.5,,,
12.9797,software,tgt=0,0,0,0.0,0.0,480,-480,14.5,,,
13.0001,software,tgt=0,0,0,0.0,0.0,480,-480,14.5,,,
13.0204,software,tgt=0,0,0,0.0,0.0,480,-480,14.5,,,
13.0408,software,tgt=0,0,0,0.0,0.0,480,-480,14.5,,,
13.0613,software,tgt=0,0,0,0.0,0.0,480,-480,14.5,,,
13.082,software,tgt=0,0,0,0.0,0.0,480,-480,14.5,,,
13.1027,software,tgt=0,0,0,0.0,0.0,480,-480,14.5,,,
13.1233,software,tgt=0,0,0,0.0,0.0,480,-480,14.5,,,
13.1438,software,tgt=0,0,0,0.0,0.0,480,-480,14.5,,,
13.1643,software,tgt=0,0,0,0.0,0.0,480,-480,12.3,,,
13.2053,software,tgt=0,0,0,0.0,0.0,480,-480,12.3,,,
13.226,software,tgt=0,0,0,0.0,0.0,480,-480,12.3,,,
13.2465,software,tgt=0,0,0,0.0,0.0,480,-480,12.3,,,
13.2671,software,tgt=0,0,0,0.0,0.0,480,-480,12.3,,,
13.2878,software,tgt=0,0,0,0.0,0.0,480,-480,12.3,,,
13.3084,software,tgt=0,0,0,0.0,0.0,480,-480,12.3,,,
13.329,software,tgt=0,0,0,0.0,0.0,480,-480,12.3,,,
13.3495,software,tgt=0,0,0,0.0,0.0,480,-480,12.3,,,
13.37,software,tgt=0,0,0,0.0,0.0,480,-480,12.3,,,
13.3907,software,tgt=0,0,0,0.0,0.0,480,-480,12.3,,,
13.4317,software,tgt=0,0,0,0.0,0.0,480,-480,12.3,,,
13.4523,software,tgt=0,0,0,0.0,0.0,480,-480,12.3,,,
13.4731,software,tgt=0,0,0,0.0,0.0,480,-480,12.3,,,
13.4938,software,tgt=0,0,0,0.0,0.0,480,-480,12.3,,,
13.5144,software,tgt=0,0,0,0.0,0.0,480,-480,12.3,,,
13.535,software,tgt=0,0,0,0.0,0.0,480,-480,12.3,,,
13.5557,software,tgt=0,0,0,0.0,0.0,480,-480,12.3,,,
13.5764,software,tgt=0,0,0,0.0,0.0,480,-480,12.3,,,
13.597,software,tgt=0,0,0,0.0,0.0,480,-480,12.3,,,
13.6177,software,tgt=0,0,0,0.0,0.0,480,-480,12.4,,,
13.6588,software,tgt=0,0,0,0.0,0.0,480,-480,12.4,,,
13.6794,software,tgt=0,0,0,0.0,0.0,480,-480,12.4,,,
13.6999,software,tgt=0,0,0,0.0,0.0,480,-480,12.4,,,
13.7205,software,tgt=0,0,0,0.0,0.0,480,-480,12.4,,,
13.741,software,tgt=0,0,0,0.0,0.0,480,-480,12.4,,,
13.7616,software,tgt=0,0,0,0.0,0.0,480,-480,12.4,,,
13.7821,software,tgt=0,0,0,0.0,0.0,480,-480,12.4,,,
13.8027,software,tgt=0,0,0,0.0,0.0,480,-480,12.4,,,
13.8233,software,tgt=0,0,0,0.0,0.0,480,-480,12.4,,,
13.8438,software,tgt=0,0,0,0.0,0.0,480,-480,12.4,,,
13.8847,software,tgt=0,0,0,0.0,0.0,480,-480,12.4,,,
13.9052,software,tgt=0,0,0,0.0,0.0,480,-480,12.4,,,
13.9257,software,tgt=0,0,0,0.0,0.0,480,-480,12.4,,,
13.9464,software,tgt=0,0,0,0.0,0.0,480,-480,12.4,,,
13.967,software,tgt=0,0,0,0.0,0.0,480,-480,12.4,,,
13.9878,software,tgt=0,0,0,0.0,0.0,480,-480,12.4,,,
14.0084,software,tgt=0,0,0,0.0,0.0,480,-480,12.4,,,
14.0287,software,tgt=0,0,0,0.0,0.0,480,-480,12.4,,,
14.049,software,tgt=0,0,0,0.0,0.0,480,-480,12.4,,,
14.0697,software,tgt=0,0,0,0.0,0.0,480,-480,12.4,,,
14.111,software,tgt=0,0,0,0.0,0.0,480,-480,12.4,,,
14.1317,software,tgt=0,0,0,0.0,0.0,480,-480,12.4,,,
14.1526,software,tgt=0,0,0,0.0,0.0,480,-480,12.4,,,
14.1733,software,tgt=0,0,0,0.0,0.0,480,-480,12.4,,,
14.1952,software,tgt=0,0,0,0.0,0.0,480,-480,12.4,,,
14.2169,software,tgt=0,0,0,0.0,0.0,480,-480,12.4,,,
14.2373,software,tgt=0,0,0,0.0,0.0,480,-480,12.4,,,
14.2578,software,tgt=0,0,0,0.0,0.0,480,-480,12.4,,,
14.2784,software,tgt=0,0,0,0.0,0.0,480,-480,12.4,,,
14.2991,software,tgt=0,0,0,0.0,0.0,480,-480,12.4,,,
14.3399,software,tgt=0,0,0,0.0,0.0,480,-480,12.4,,,
14.3605,software,tgt=0,0,0,0.0,0.0,480,-480,12.4,,,
14.3811,software,tgt=0,0,0,0.0,0.0,480,-480,12.4,,,
14.4017,software,tgt=0,0,0,0.0,0.0,480,-480,12.4,,,
14.4223,software,tgt=0,0,0,0.0,0.0,480,-480,12.4,,,
14.4432,software,tgt=0,0,0,0.0,0.0,480,-480,12.4,,,
14.4638,software,tgt=0,0,0,0.0,0.0,480,-480,12.4,,,
14.4845,software,tgt=0,0,0,0.0,0.0,480,-480,12.4,,,
14.5051,software,tgt=0,0,0,0.0,0.0,480,-480,12.4,,,
14.5256,software,tgt=0,0,0,0.0,0.0,480,-480,12.4,,,
14.5664,software,tgt=0,0,0,0.0,0.0,480,-480,12.4,,,
14.587,software,tgt=0,0,0,0.0,0.0,480,-480,12.4,,,
14.6076,software,tgt=0,0,0,0.0,0.0,480,-480,12.4,,,
14.6281,software,tgt=0,0,0,0.0,0.0,480,-480,12.4,,,
14.6487,software,tgt=0,0,0,0.0,0.0,480,-480,12.4,,,
14.6692,software,tgt=0,0,0,0.0,0.0,480,-480,12.4,,,
14.6898,software,tgt=0,0,0,0.0,0.0,480,-480,12.4,,,
14.7105,software,tgt=0,0,0,0.0,0.0,480,-480,12.4,,,
14.7318,software,tgt=0,0,0,0.0,0.0,480,-480,12.4,,,
14.7522,software,tgt=0,0,0,0.0,0.0,480,-480,12.3,,,
14.7933,software,tgt=0,0,0,0.0,0.0,480,-480,12.3,,,
14.8142,software,tgt=0,0,0,0.0,0.0,480,-480,12.3,,,
14.8351,software,tgt=0,0,0,0.0,0.0,480,-480,12.3,,,
14.856,software,tgt=0,0,0,0.0,0.0,480,-480,12.3,,,
14.8768,software,tgt=0,0,0,0.0,0.0,480,-480,12.3,,,
14.8974,software,tgt=0,0,0,0.0,0.0,480,-480,12.3,,,
14.918,software,tgt=0,0,0,0.0,0.0,480,-480,12.3,,,
14.9386,software,tgt=0,0,0,0.0,0.0,480,-480,12.3,,,
14.9593,software,tgt=0,0,0,0.0,0.0,480,-480,12.3,,,
14.9799,software,tgt=0,0,0,0.0,0.0,480,-480,12.3,,,
15.0208,software,tgt=0,0,0,0.0,0.0,480,-480,12.3,,,
15.0415,software,tgt=0,0,0,0.0,0.0,480,-480,12.3,,,
15.0624,software,tgt=0,0,0,0.0,0.0,480,-480,12.3,,,
15.0832,software,tgt=0,0,0,0.0,0.0,480,-480,12.3,,,
