t,phase,cmd_lin,cmd_ang,odom_v,odom_w,filt_v,filt_w,imu_yaw,amcl_x,amcl_y,amcl_yaw,clearance,v_batt,a1,a2,ba1,ba2,rpm1,rpm2,ff
2.4132,dir_fwd,0.3,0.0,0.0,0.0,-0.0,0.0,1.353,,,0.0,0.936,13.3,0.0,0.0,-0.1,0.0,0.0,0.0,0
2.4641,dir_fwd,0.3,0.0,0.0,0.0,-0.0,0.0,1.353,,,0.0,0.936,13.3,0.0,0.0,-0.1,0.0,0.0,0.0,0
2.5153,dir_fwd,0.3,0.0,0.0,0.0,-0.0,0.0,1.353,,,0.0,0.936,13.3,0.0,0.0,-0.1,0.0,0.0,0.0,0
2.5662,dir_fwd,0.3,0.0,0.0,0.0,-0.0,0.0,1.353,,,0.0,0.936,13.3,0.0,0.0,-0.1,0.0,0.0,0.0,0
2.6177,dir_fwd,0.3,0.0,0.0,0.0,-0.0,0.0,1.353,,,0.0,0.936,13.3,0.0,0.0,-0.1,0.0,0.0,0.0,0
2.669,dir_fwd,0.3,0.0,0.0,0.0,-0.0,0.0,1.353,,,0.0,0.914,13.3,0.0,0.0,-0.1,0.0,0.0,0.0,0
2.72,dir_fwd,0.3,0.0,0.0,0.0,-0.0,0.0,1.353,,,0.0,0.914,13.3,0.1,0.0,-0.1,0.0,0.0,0.0,0
2.7708,dir_fwd,0.3,0.0,0.0,0.0,-0.0,0.0,1.353,,,0.0,0.914,13.3,0.1,0.0,-0.1,0.0,0.0,0.0,0
2.822,dir_fwd,0.3,0.0,0.0,-0.0289,-0.0,0.0,1.353,,,0.0,0.914,13.3,0.1,0.0,-0.1,0.0,0.0,0.0,0
2.8733,dir_fwd,0.3,0.0,0.0,-0.0289,-0.0,-0.003,1.353,,,0.0,0.914,13.3,0.1,0.0,-0.1,0.0,0.0,0.0,0
2.9244,dir_fwd,0.3,0.0,0.0,-0.0289,-0.0,-0.003,1.3528,,,0.0,0.914,13.3,0.1,0.0,-0.1,0.0,0.0,0.0,0
2.9754,dir_fwd,0.3,0.0,0.0,-0.0289,-0.0,-0.003,1.3528,,,0.0,0.904,13.3,0.1,0.0,-0.1,0.0,0.0,0.0,0
3.0268,dir_fwd,0.3,0.0,0.0,-0.0289,-0.0,-0.003,1.3528,,,0.0,0.904,10.8,-6.1,4.2,6.5,8.0,-313.0,-304.0,0
3.078,dir_fwd,0.3,0.0,0.0,-0.0289,-0.0,-0.003,1.3528,,,0.0,0.904,10.8,-6.1,4.2,6.5,8.0,-313.0,-304.0,0
3.1296,dir_fwd,0.3,0.0,0.0174,-0.0868,-0.0,-0.003,1.3528,,,0.0,0.904,10.8,-6.1,4.2,6.5,8.0,-313.0,-304.0,0
3.1809,dir_fwd,0.3,0.0,0.0174,-0.0868,0.0175,-0.031,1.3528,,,0.0,0.904,10.8,-6.1,4.2,6.5,8.0,-313.0,-304.0,0
3.2318,dir_fwd,0.0,0.0,0.0174,-0.0868,0.0175,-0.031,1.345,,,0.0,inf,10.8,-6.1,4.2,6.5,8.0,-313.0,-304.0,0
3.2323,dir_rev,-0.3,0.0,0.0174,-0.0868,0.0175,-0.031,1.345,-3.98,-2.9827,-1.4841,2.306,10.8,-6.1,4.2,6.5,8.0,-313.0,-304.0,0
3.2833,dir_rev,-0.3,0.0,0.0174,-0.0868,0.0175,-0.031,1.345,-3.98,-2.9827,-1.4841,2.338,10.8,-6.1,4.2,6.5,8.0,-313.0,-304.0,0
3.3347,dir_rev,-0.3,0.0,0.0174,-0.0868,0.0175,-0.031,1.345,-3.98,-2.9827,-1.4841,2.338,11.8,-12.1,12.3,2.8,7.3,-313.0,-240.0,0
3.3854,dir_rev,-0.3,0.0,0.0174,-0.0868,0.0175,-0.031,1.345,-3.98,-2.9827,-1.4841,2.338,11.8,-12.1,12.3,2.8,7.3,-313.0,-240.0,0
3.4369,dir_rev,-0.3,0.0,0.0261,-0.1303,0.0175,-0.031,1.345,-3.98,-2.9827,-1.4841,2.338,11.8,-12.1,12.3,2.8,7.3,-313.0,-240.0,0
3.4881,dir_rev,-0.3,0.0,0.0261,-0.1303,0.0261,-0.0721,1.345,-3.98,-2.9827,-1.4841,2.338,11.8,-12.1,12.3,2.8,7.3,-313.0,-240.0,0
3.5396,dir_rev,-0.3,0.0,0.0261,-0.1303,0.0261,-0.0721,1.3275,-3.98,-2.9827,-1.4841,2.338,11.8,-12.1,12.3,2.8,7.3,-313.0,-240.0,0
3.5906,dir_rev,-0.3,0.0,0.0261,-0.1303,0.0261,-0.0721,1.3275,-3.9661,-3.086,-1.4643,2.338,11.8,-12.1,12.3,2.8,7.3,-313.0,-240.0,0
3.6418,dir_rev,-0.3,0.0,0.0261,-0.1303,0.0261,-0.0721,1.3275,-3.9661,-3.086,-1.4643,1.917,11.8,-12.1,12.3,2.8,7.3,-313.0,-240.0,0
3.6929,dir_rev,-0.3,0.0,0.0261,-0.1303,0.0261,-0.0721,1.3275,-3.9661,-3.086,-1.4643,1.917,11.6,-7.1,10.2,1.6,6.4,-351.0,-401.0,0
3.7438,dir_rev,-0.3,0.0,0.0261,-0.1303,0.0261,-0.0721,1.3275,-3.9661,-3.086,-1.4643,1.917,11.6,-7.1,10.2,1.6,6.4,-351.0,-401.0,0
3.7952,dir_rev,-0.3,0.0,0.0723,-0.1881,0.0261,-0.0721,1.3275,-3.9661,-3.086,-1.4643,1.917,11.6,-7.1,10.2,1.6,6.4,-351.0,-401.0,0
3.8462,dir_rev,-0.3,0.0,0.0723,-0.1881,0.0269,-0.1002,1.3275,-3.9661,-3.086,-1.4643,1.917,11.6,-7.1,10.2,1.6,6.4,-351.0,-401.0,0
3.8973,dir_rev,-0.3,0.0,0.0723,-0.1881,0.0269,-0.1002,1.3093,-3.9661,-3.086,-1.4643,1.917,11.6,-7.1,10.2,1.6,6.4,-351.0,-401.0,0
3.9483,dir_rev,-0.3,0.0,0.0723,-0.1881,0.0269,-0.1002,1.3093,-3.9661,-3.086,-1.4643,2.027,11.6,-7.1,10.2,1.6,6.4,-351.0,-401.0,0
3.9993,dir_rev,-0.3,0.0,0.0723,-0.1881,0.0269,-0.1002,1.3093,-3.9661,-3.086,-1.4643,2.027,11.6,-9.5,8.1,3.6,5.2,-234.0,-469.0,0
4.05,dir_rev,0.0,0.0,0.0723,-0.1881,0.0269,-0.1002,1.3093,-3.9661,-3.086,-1.4643,inf,11.6,-9.5,8.1,3.6,5.2,-234.0,-469.0,0
4.0505,idle,0.0,0.0,0.0984,-0.2026,0.0269,-0.1002,1.3093,-3.9661,-3.086,-1.4643,inf,11.6,-9.5,8.1,3.6,5.2,-234.0,-469.0,0
4.1012,idle,0.0,0.0,0.0984,-0.2026,0.0743,-0.1109,1.3093,-3.9661,-3.086,-1.4643,inf,11.6,-9.5,8.1,3.6,5.2,-234.0,-469.0,0
4.1516,idle,0.0,0.0,0.0984,-0.2026,0.0743,-0.1109,1.297,-3.9661,-3.086,-1.4643,inf,11.6,-9.5,8.1,3.6,5.2,-234.0,-469.0,0
4.2021,idle,0.0,0.0,0.0984,-0.2026,0.0743,-0.1109,1.297,-3.9661,-3.086,-1.4643,inf,11.6,-9.5,8.1,3.6,5.2,-234.0,-469.0,0
4.2525,idle,0.0,0.0,0.0984,-0.2026,0.0743,-0.1109,1.297,-3.9661,-3.086,-1.4643,inf,11.7,-10.1,5.6,5.0,3.9,-447.0,-534.0,0
4.303,idle,0.0,0.0,0.0984,-0.2026,0.0743,-0.1109,1.297,-3.9661,-3.086,-1.4643,inf,11.7,-10.1,5.6,5.0,3.9,-447.0,-534.0,0
4.3539,idle,0.0,0.0,0.1679,-0.2026,0.0743,-0.1109,1.297,-3.9661,-3.086,-1.4643,inf,11.7,-10.1,5.6,5.0,3.9,-447.0,-534.0,0
4.4046,idle,0.0,0.0,0.1679,-0.2026,0.1004,-0.111,1.297,-3.9661,-3.086,-1.4643,inf,11.7,-10.1,5.6,5.0,3.9,-447.0,-534.0,0
4.4552,idle,0.0,0.0,0.1679,-0.2026,0.1004,-0.111,1.2899,-3.9661,-3.086,-1.4643,inf,11.7,-10.1,5.6,5.0,3.9,-447.0,-534.0,0
4.5059,idle,0.0,0.0,0.1679,-0.2026,0.1004,-0.111,1.2899,-3.9661,-3.086,-1.4643,inf,11.7,-10.1,5.6,5.0,3.9,-447.0,-534.0,0
4.5564,idle,0.0,0.0,0.1679,-0.2026,0.1004,-0.111,1.2899,-3.9661,-3.086,-1.4643,inf,12.1,-7.7,3.6,3.9,2.3,-511.0,-607.0,0
4.6068,idle,0.0,0.0,0.1679,-0.2026,0.1004,-0.111,1.2899,-3.9661,-3.086,-1.4643,inf,12.1,-7.7,3.6,3.9,2.3,-511.0,-607.0,0
4.6578,idle,0.0,0.0,0.191,-0.1447,0.1004,-0.111,1.2899,-3.9661,-3.086,-1.4643,inf,12.1,-7.7,3.6,3.9,2.3,-511.0,-607.0,0
4.7084,idle,0.0,0.0,0.191,-0.1447,0.1704,-0.1021,1.2899,-3.9661,-3.086,-1.4643,inf,12.1,-7.7,3.6,3.9,2.3,-511.0,-607.0,0
4.759,idle,0.0,0.0,0.191,-0.1447,0.1704,-0.1021,1.2871,-3.9661,-3.086,-1.4643,inf,12.1,-7.7,3.6,3.9,2.3,-511.0,-607.0,0
4.8096,idle,0.0,0.0,0.191,-0.1447,0.1704,-0.1021,1.2871,-3.9661,-3.086,-1.4643,inf,12.1,-7.7,3.6,3.9,2.3,-511.0,-607.0,0
4.86,idle,0.0,0.0,0.191,-0.1447,0.1704,-0.1021,1.2871,-3.9661,-3.086,-1.4643,inf,12.2,-5.9,3.7,3.0,2.3,-645.0,-660.0,0
4.9103,idle,0.0,0.0,0.191,-0.1447,0.1704,-0.1021,1.2871,-3.9661,-3.086,-1.4643,inf,12.2,-5.9,3.7,3.0,2.3,-645.0,-660.0,0
4.9614,idle,0.0,0.0,0.3474,-0.0868,0.1704,-0.1021,1.2871,-3.9661,-3.086,-1.4643,inf,12.2,-5.9,3.7,3.0,2.3,-645.0,-660.0,0
5.0118,idle,0.0,0.0,0.3474,-0.0868,0.1926,-0.0894,1.2871,-3.9661,-3.086,-1.4643,inf,12.2,-5.9,3.7,3.0,2.3,-645.0,-660.0,0
5.0624,idle,0.0,0.0,0.3474,-0.0868,0.1926,-0.0894,1.2869,-3.9661,-3.086,-1.4643,inf,12.2,-5.9,3.7,3.0,2.3,-645.0,-660.0,0
5.113,idle,0.0,0.0,0.3474,-0.0868,0.1926,-0.0894,1.2869,-3.9661,-3.086,-1.4643,inf,12.2,-5.9,3.7,3.0,2.3,-645.0,-660.0,0
5.1637,idle,0.0,0.0,0.3474,-0.0868,0.1926,-0.0894,1.2869,-3.9661,-3.086,-1.4643,inf,12.6,-3.6,2.5,1.8,1.7,-722.0,-686.0,0
5.2141,idle,0.0,0.0,0.3474,-0.0868,0.1926,-0.0894,1.2869,-3.9661,-3.086,-1.4643,inf,12.6,-3.6,2.5,1.8,1.7,-722.0,-686.0,0
5.265,idle,0.0,0.0,0.3445,-0.0145,0.1926,-0.0894,1.2869,-3.9661,-3.086,-1.4643,inf,12.6,-3.6,2.5,1.8,1.7,-722.0,-686.0,0
5.3155,idle,0.0,0.0,0.3445,-0.0145,0.3484,-0.0756,1.2869,-3.9661,-3.086,-1.4643,inf,12.6,-3.6,2.5,1.8,1.7,-722.0,-686.0,0
5.3662,idle,0.0,0.0,0.3445,-0.0145,0.3484,-0.0756,1.2885,-3.9661,-3.086,-1.4643,inf,12.6,-3.6,2.5,1.8,1.7,-722.0,-686.0,0
5.4166,idle,0.0,0.0,0.3445,-0.0145,0.3484,-0.0756,1.2885,-3.9661,-3.086,-1.4643,inf,12.6,-3.6,2.5,1.8,1.7,-722.0,-686.0,0
5.467,idle,0.0,0.0,0.3445,-0.0145,0.3484,-0.0756,1.2885,-3.9661,-3.086,-1.4643,inf,13.1,-3.4,2.6,1.6,1.7,-691.0,-642.0,0
5.5173,idle,0.0,0.0,0.3445,-0.0145,0.3484,-0.0756,1.2885,-3.9661,-3.086,-1.4643,inf,13.1,-3.4,2.6,1.6,1.7,-691.0,-642.0,0
5.5681,idle,0.0,0.0,0.3937,-0.0,0.3484,-0.0756,1.2885,-3.9661,-3.086,-1.4643,inf,13.1,-3.4,2.6,1.6,1.7,-691.0,-642.0,0
5.6187,idle,0.0,0.0,0.3937,-0.0,0.4085,-0.0302,1.2885,-3.9661,-3.086,-1.4643,inf,13.1,-3.4,2.6,1.6,1.7,-691.0,-642.0,0
5.6694,idle,0.0,0.0,0.3937,-0.0,0.4085,-0.0302,1.2912,-3.9661,-3.086,-1.4643,inf,13.1,-3.4,2.6,1.6,1.7,-691.0,-642.0,0
5.7198,idle,0.0,0.0,0.3937,-0.0,0.4085,-0.0302,1.2912,-3.9661,-3.086,-1.4643,inf,13.1,-3.4,2.6,1.6,1.7,-691.0,-642.0,0
5.7707,idle,0.0,0.0,0.3937,-0.0,0.4085,-0.0302,1.2912,-3.9661,-3.086,-1.4643,inf,12.9,-1.4,2.0,0.4,0.5,-630.0,-588.0,0
5.8211,idle,0.0,0.0,0.3937,-0.0,0.4085,-0.0302,1.2912,-3.9661,-3.086,-1.4643,inf,12.9,-1.4,2.0,0.4,0.5,-630.0,-588.0,0
5.872,idle,0.0,0.0,0.3648,0.0289,0.4085,-0.0302,1.2912,-3.9661,-3.086,-1.4643,inf,12.9,-1.4,2.0,0.4,0.5,-630.0,-588.0,0
5.9227,idle,0.0,0.0,0.3648,0.0289,0.1392,-0.0288,1.2912,-3.9661,-3.086,-1.4643,inf,12.9,-1.4,2.0,0.4,0.5,-630.0,-588.0,0
5.9734,idle,0.0,0.0,0.3648,0.0289,0.1392,-0.0288,1.2935,-3.9661,-3.086,-1.4643,inf,12.9,-1.4,2.0,0.4,0.5,-630.0,-588.0,0
6.024,idle,0.0,0.0,0.3648,0.0289,0.1392,-0.0288,1.2935,-3.9661,-3.086,-1.4643,inf,12.9,-1.4,2.0,0.4,0.5,-630.0,-588.0,0
6.0746,idle,0.0,0.0,0.3648,0.0289,0.1392,-0.0288,1.2935,-3.9661,-3.086,-1.4643,inf,12.9,-2.0,1.8,0.8,1.0,-685.0,-661.0,0
6.1251,idle,0.0,0.0,0.3648,0.0289,0.1392,-0.0288,1.2935,-3.9661,-3.086,-1.4643,inf,12.9,-2.0,1.8,0.8,1.0,-685.0,-661.0,0
6.1761,idle,0.0,0.0,0.2779,0.0289,0.1392,-0.0288,1.2935,-3.9661,-3.086,-1.4643,inf,12.9,-2.0,1.8,0.8,1.0,-685.0,-661.0,0
6.2268,idle,0.0,0.0,0.2779,0.0289,0.0225,-0.0258,1.2935,-3.9661,-3.086,-1.4643,inf,12.9,-2.0,1.8,0.8,1.0,-685.0,-661.0,0
6.2774,idle,0.0,0.0,0.2779,0.0289,0.0225,-0.0258,1.295,-3.9661,-3.086,-1.4643,inf,12.9,-2.0,1.8,0.8,1.0,-685.0,-661.0,0
6.328,idle,0.0,0.0,0.2779,0.0289,0.0225,-0.0258,1.295,-3.9661,-3.086,-1.4643,inf,12.9,-2.0,1.8,0.8,1.0,-685.0,-661.0,0
6.3786,idle,0.0,0.0,0.2779,0.0289,0.0225,-0.0258,1.295,-3.9661,-3.086,-1.4643,inf,6.1,17.8,-14.8,10.4,10.1,-356.0,-402.0,4
6.429,idle,0.0,0.0,0.2779,0.0289,0.0225,-0.0258,1.295,-3.9661,-3.086,-1.4643,inf,6.1,17.8,-14.8,10.4,10.1,-356.0,-402.0,4
6.4298,fwd_0.2,0.0,0.0,0.139,-0.029,0.0225,-0.0258,1.295,-3.9661,-3.086,-1.4643,inf,6.1,17.8,-14.8,10.4,10.1,-356.0,-402.0,4
