t,wall,phase,label,cmd1,cmd2,cb1,cb2,bs1,bs2,a1,a2,ba1,ba2,v_batt,v_int,v_5v,t_mcu,ff
0.0003,2026-09-25T14:44:55.143,idle,idle,0,0,0.0,0.0,0.0,0.0,0.0,0.0,-0.1,0.0,13.3,13.8,5.014,30.0,0.0
0.0105,2026-09-25T14:44:55.153,idle,idle,0,0,0.0,0.0,0.0,0.0,0.0,0.0,-0.1,0.0,13.2,13.8,5.013,30.0,0.0
0.0207,2026-09-25T14:44:55.163,idle,idle,0,0,0.0,0.0,0.0,0.0,0.0,0.0,-0.1,0.0,13.2,13.8,5.013,30.0,0.0
0.0308,2026-09-25T14:44:55.173,idle,idle,0,0,0.0,0.0,0.0,0.0,0.0,0.0,-0.1,0.0,13.2,13.8,5.013,30.0,0.0
0.0411,2026-09-25T14:44:55.183,idle,idle,0,0,0.0,0.0,0.0,0.0,0.0,0.0,-0.1,0.0,13.2,13.8,5.013,30.0,0.0
0.0512,2026-09-25T14:44:55.194,idle,idle,0,0,0.0,0.0,0.0,0.0,0.0,0.0,-0.1,0.0,13.2,13.8,5.013,30.0,0.0
0.0613,2026-09-25T14:44:55.204,idle,idle,0,0,0.0,0.0,0.0,0.0,0.0,0.0,-0.1,0.0,13.2,13.8,5.013,30.0,0.0
0.0715,2026-09-25T14:44:55.214,idle,idle,0,0,0.0,0.0,0.0,0.0,0.0,0.0,-0.1,0.0,13.2,13.8,5.013,30.0,0.0
0.0816,2026-09-25T14:44:55.224,idle,idle,0,0,0.0,0.0,0.0,0.0,0.0,0.0,-0.1,0.0,13.2,13.8,5.013,30.0,0.0
0.0917,2026-09-25T14:44:55.234,idle,idle,0,0,0.0,0.0,0.0,0.0,0.0,0.0,-0.1,0.0,13.2,13.8,5.013,30.0,0.0
0.1018,2026-09-25T14:44:55.245,idle,idle,0,0,0.0,0.0,0.0,0.0,0.0,0.0,-0.1,0.0,13.2,13.8,5.013,30.0,0.0
0.1124,2026-09-25T14:44:55.255,idle,idle,0,0,0.0,0.0,0.0,0.0,0.0,0.0,-0.1,0.0,13.2,13.8,5.013,30.0,0.0
0.1225,2026-09-25T14:44:55.265,idle,idle,0,0,0.0,0.0,0.0,0.0,0.0,0.0,-0.1,0.0,13.2,13.8,5.013,30.0,0.0
0.1327,2026-09-25T14:44:55.275,idle,idle,0,0,0.0,0.0,0.0,0.0,0.0,0.0,-0.1,0.0,13.2,13.8,5.013,30.0,0.0
0.1428,2026-09-25T14:44:55.285,idle,idle,0,0,0.0,0.0,0.0,0.0,0.0,0.0,-0.1,0.0,13.2,13.8,5.013,30.0,0.0
0.153,2026-09-25T14:44:55.295,idle,idle,0,0,0.0,0.0,0.0,0.0,0.0,0.0,-0.1,0.0,13.2,13.8,5.033,30.0,0.0
0.1631,2026-09-25T14:44:55.305,idle,idle,0,0,0.0,0.0,0.0,0.0,0.0,0.0,-0.1,0.0,13.2,13.8,5.033,30.0,0.0
0.1733,2026-09-25T14:44:55.316,idle,idle,0,0,0.0,0.0,0.0,0.0,0.0,0.0,-0.1,0.0,13.2,13.8,5.033,30.0,0.0
0.1835,2026-09-25T14:44:55.326,idle,idle,0,0,0.0,0.0,0.0,0.0,0.0,0.0,-0.1,0.0,13.2,13.8,5.033,30.0,0.0
0.1936,2026-09-25T14:44:55.336,idle,idle,0,0,0.0,0.0,0.0,0.0,0.0,0.0,-0.1,0.0,13.2,13.8,5.033,30.0,0.0
0.2038,2026-09-25T14:44:55.347,idle,idle,0,0,0.0,0.0,0.0,0.0,0.0,0.0,-0.1,0.0,13.2,13.8,5.033,30.0,0.0
0.2145,2026-09-25T14:44:55.357,idle,idle,0,0,0.0,0.0,0.0,0.0,0.0,0.0,-0.1,0.0,13.2,13.8,5.033,30.0,0.0
0.2246,2026-09-25T14:44:55.367,idle,idle,0,0,0.0,0.0,0.0,0.0,0.0,0.0,-0.1,0.0,13.2,13.8,5.033,30.0,0.0
0.2347,2026-09-25T14:44:55.377,idle,idle,0,0,0.0,0.0,0.0,0.0,0.0,0.0,-0.1,0.0,13.2,13.8,5.033,30.0,0.0
0.2449,2026-09-25T14:44:55.387,idle,idle,0,0,0.0,0.0,0.0,0.0,0.0,0.0,-0.1,0.0,13.2,13.8,5.033,30.0,0.0
0.255,2026-09-25T14:44:55.397,idle,idle,0,0,0.0,0.0,0.0,0.0,0.0,0.0,-0.1,0.0,13.2,13.8,5.033,30.0,0.0
0.2651,2026-09-25T14:44:55.407,idle,idle,0,0,0.0,0.0,0.0,0.0,0.0,0.0,-0.1,0.0,13.2,13.8,5.033,30.0,0.0
0.2753,2026-09-25T14:44:55.418,idle,idle,0,0,0.0,0.0,0.0,0.0,0.0,0.0,-0.1,0.0,13.2,13.8,5.033,30.0,0.0
0.2854,2026-09-25T14:44:55.428,idle,idle,0,0,0.0,0.0,0.0,0.0,0.0,0.0,-0.1,0.0,13.2,13.8,5.033,30.0,0.0
0.2955,2026-09-25T14:44:55.438,idle,idle,0,0,0.0,0.0,0.0,0.0,0.0,0.0,-0.1,0.0,13.3,13.8,5.01,30.0,0.0
0.3056,2026-09-25T14:44:55.448,idle,idle,0,0,0.0,0.0,0.0,0.0,0.0,0.0,-0.1,0.0,13.3,13.8,5.01,30.0,0.0
0.3158,2026-09-25T14:44:55.458,idle,idle,0,0,0.0,0.0,0.0,0.0,0.0,0.0,-0.1,0.0,13.3,13.8,5.01,30.0,0.0
0.3259,2026-09-25T14:44:55.468,idle,idle,0,0,0.0,0.0,0.0,0.0,0.0,0.0,-0.1,0.0,13.3,13.8,5.01,30.0,0.0
0.336,2026-09-25T14:44:55.478,idle,idle,0,0,0.0,0.0,0.0,0.0,0.0,0.0,-0.1,0.0,13.3,13.8,5.01,30.0,0.0
0.3461,2026-09-25T14:44:55.488,idle,idle,0,0,0.0,0.0,0.0,0.0,0.0,0.0,-0.1,0.0,13.3,13.8,5.01,30.0,0.0
0.3562,2026-09-25T14:44:55.499,idle,idle,0,0,0.0,0.0,0.0,0.0,0.0,0.0,-0.1,0.0,13.3,13.8,5.01,30.0,0.0
0.3663,2026-09-25T14:44:55.509,idle,idle,0,0,0.0,0.0,0.0,0.0,0.0,0.0,-0.1,0.0,13.3,13.8,5.01,30.0,0.0
0.3764,2026-09-25T14:44:55.519,idle,idle,0,0,0.0,0.0,0.0,0.0,0.0,0.0,-0.1,0.0,13.3,13.8,5.01,30.0,0.0
0.3865,2026-09-25T14:44:55.529,idle,idle,0,0,0.0,0.0,0.0,0.0,0.0,0.0,-0.1,0.0,13.3,13.8,5.01,30.0,0.0
0.3966,2026-09-25T14:44:55.539,idle,idle,0,0,0.0,0.0,0.0,0.0,0.0,0.0,-0.1,0.0,13.3,13.8,5.01,30.0,0.0
0.4067,2026-09-25T14:44:55.549,idle,idle,0,0,0.0,0.0,0.0,0.0,0.0,0.0,-0.1,0.0,13.3,13.8,5.01,30.0,0.0
0.4171,2026-09-25T14:44:55.559,idle,idle,0,0,0.0,0.0,0.0,0.0,0.0,0.0,-0.1,0.0,13.3,13.8,5.01,30.0,0.0
0.4272,2026-09-25T14:44:55.570,idle,idle,0,0,0.0,0.0,0.0,0.0,0.0,0.0,-0.1,0.0,13.3,13.8,5.01,30.0,0.0
0.4373,2026-09-25T14:44:55.580,idle,idle,0,0,0.0,0.0,0.0,0.0,0.0,0.0,-0.1,0.0,13.3,13.8,5.022,30.0,0.0
0.4474,2026-09-25T14:44:55.590,idle,idle,0,0,0.0,0.0,0.0,0.0,0.0,0.0,-0.1,0.0,13.3,13.8,5.022,30.0,0.0
0.4575,2026-09-25T14:44:55.600,idle,idle,0,0,0.0,0.0,0.0,0.0,0.0,0.0,-0.1,0.0,13.3,13.8,5.022,30.0,0.0
0.4676,2026-09-25T14:44:55.610,idle,idle,0,0,0.0,0.0,0.0,0.0,0.0,0.0,-0.1,0.0,13.3,13.8,5.022,30.0,0.0
0.4777,2026-09-25T14:44:55.620,idle,idle,0,0,0.0,0.0,0.0,0.0,0.0,0.0,-0.1,0.0,13.3,13.8,5.022,30.0,0.0
0.4878,2026-09-25T14:44:55.630,idle,idle,0,0,0.0,0.0,0.0,0.0,0.0,0.0,-0.1,0.0,13.3,13.8,5.022,30.0,0.0
0.498,2026-09-25T14:44:55.640,idle,idle,0,0,0.0,0.0,0.0,0.0,0.0,0.0,-0.1,0.0,13.3,13.8,5.022,30.0,0.0
0.5081,2026-09-25T14:44:55.651,idle,idle,0,0,0.0,0.0,0.0,0.0,0.0,0.0,-0.1,0.0,13.3,13.8,5.022,30.0,0.0
0.5185,2026-09-25T14:44:55.661,idle,idle,0,0,0.0,0.0,0.0,0.0,0.0,0.0,-0.1,0.0,13.3,13.8,5.022,30.0,0.0
0.5286,2026-09-25T14:44:55.671,idle,idle,0,0,0.0,0.0,0.0,0.0,0.0,0.0,-0.1,0.0,13.3,13.8,5.022,30.0,0.0
0.5387,2026-09-25T14:44:55.681,idle,idle,0,0,0.0,0.0,0.0,0.0,0.0,0.0,-0.1,0.0,13.3,13.8,5.022,30.0,0.0
0.5488,2026-09-25T14:44:55.691,idle,idle,0,0,0.0,0.0,0.0,0.0,0.0,0.0,-0.1,0.0,13.3,13.8,5.022,30.0,0.0
0.5589,2026-09-25T14:44:55.701,idle,idle,0,0,0.0,0.0,0.0,0.0,0.0,0.0,-0.1,0.0,13.3,13.8,5.022,30.0,0.0
0.569,2026-09-25T14:44:55.711,idle,idle,0,0,0.0,0.0,0.0,0.0,0.0,0.0,-0.1,0.0,13.3,13.8,5.022,30.0,0.0
0.5791,2026-09-25T14:44:55.721,idle,idle,0,0,0.0,0.0,0.0,0.0,0.0,0.0,-0.1,0.0,13.3,13.8,5.013,30.0,0.0
0.5892,2026-09-25T14:44:55.732,idle,idle,0,0,0.0,0.0,0.0,0.0,0.0,0.0,-0.1,0.0,13.3,13.8,5.013,30.0,0.0
0.5993,2026-09-25T14:44:55.742,idle,idle,0,0,0.0,0.0,0.0,0.0,0.0,0.0,-0.1,0.0,13.3,13.8,5.013,30.0,0.0
0.6094,2026-09-25T14:44:55.752,idle,idle,0,0,0.0,0.0,0.0,0.0,0.0,0.0,-0.1,0.0,13.3,13.8,5.013,30.0,0.0
0.6197,2026-09-25T14:44:55.762,idle,idle,0,0,0.0,0.0,0.0,0.0,0.0,0.0,-0.1,0.0,13.3,13.8,5.013,30.0,0.0
0.6299,2026-09-25T14:44:55.772,idle,idle,0,0,0.0,0.0,0.0,0.0,0.0,0.0,-0.1,0.0,13.3,13.8,5.013,30.0,0.0
0.64,2026-09-25T14:44:55.782,idle,idle,0,0,0.0,0.0,0.0,0.0,0.0,0.0,-0.1,0.0,13.3,13.8,5.013,30.0,0.0
0.6501,2026-09-25T14:44:55.792,idle,idle,0,0,0.0,0.0,0.0,0.0,0.0,0.0,-0.1,0.0,13.3,13.8,5.013,30.0,0.0
0.6602,2026-09-25T14:44:55.803,idle,idle,0,0,0.0,0.0,0.0,0.0,0.0,0.0,-0.1,0.0,13.3,13.8,5.013,30.0,0.0
0.6703,2026-09-25T14:44:55.813,idle,idle,0,0,0.0,0.0,0.0,0.0,0.0,0.0,-0.1,0.0,13.3,13.8,5.013,30.0,0.0
0.6804,2026-09-25T14:44:55.823,idle,idle,0,0,0.0,0.0,0.0,0.0,0.0,0.0,-0.1,0.0,13.3,13.8,5.013,30.0,0.0
0.6904,2026-09-25T14:44:55.833,idle,idle,0,0,0.0,0.0,0.0,0.0,0.0,0.0,-0.1,0.0,13.3,13.8,5.013,30.0,0.0
0.7006,2026-09-25T14:44:55.843,idle,idle,0,0,0.0,0.0,0.0,0.0,0.0,0.0,-0.1,0.0,13.3,13.8,5.013,30.0,0.0
0.7107,2026-09-25T14:44:55.853,idle,idle,0,0,0.0,0.0,0.0,0.0,0.0,0.0,-0.1,0.0,13.3,13.8,5.013,30.0,0.0
0.7211,2026-09-25T14:44:55.863,idle,idle,0,0,0.0,0.0,0.0,0.0,0.0,0.0,-0.1,0.0,13.3,13.8,5.018,30.0,0.0
0.7312,2026-09-25T14:44:55.874,idle,idle,0,0,0.0,0.0,0.0,0.0,0.0,0.0,-0.1,0.0,13.3,13.8,5.018,30.0,0.0
0.7413,2026-09-25T14:44:55.884,idle,idle,0,0,0.0,0.0,0.0,0.0,0.0,0.0,-0.1,0.0,13.3,13.8,5.018,30.0,0.0
0.7514,2026-09-25T14:44:55.894,idle,idle,0,0,0.0,0.0,0.0,0.0,0.0,0.0,-0.1,0.0,13.3,13.8,5.018,30.0,0.0
0.7615,2026-09-25T14:44:55.904,idle,idle,0,0,0.0,0.0,0.0,0.0,0.0,0.0,-0.1,0.0,13.3,13.8,5.018,30.0,0.0
0.7716,2026-09-25T14:44:55.914,idle,idle,0,0,0.0,0.0,0.0,0.0,0.0,0.0,-0.1,0.0,13.3,13.8,5.018,30.0,0.0
0.7818,2026-09-25T14:44:55.924,idle,idle,0,0,0.0,0.0,0.0,0.0,0.0,0.0,-0.1,0.0,13.3,13.8,5.018,30.0,0.0
0.7918,2026-09-25T14:44:55.934,idle,idle,0,0,0.0,0.0,0.0,0.0,0.0,0.0,-0.1,0.0,13.3,13.8,5.018,30.0,0.0
0.802,2026-09-25T14:44:55.944,idle,idle,0,0,0.0,0.0,0.0,0.0,0.0,0.0,-0.1,0.0,13.3,13.8,5.018,30.0,0.0
0.8121,2026-09-25T14:44:55.955,idle,idle,0,0,0.0,0.0,0.0,0.0,0.0,0.0,-0.1,0.0,13.3,13.8,5.018,30.0,0.0
0.8225,2026-09-25T14:44:55.965,idle,idle,0,0,0.0,0.0,0.0,0.0,0.0,0.0,-0.1,0.0,13.3,13.8,5.018,30.0,0.0
0.8328,2026-09-25T14:44:55.975,idle,idle,0,0,0.0,0.0,0.0,0.0,0.0,0.0,-0.1,0.0,13.3,13.8,5.018,30.0,0.0
0.8429,2026-09-25T14:44:55.985,idle,idle,0,0,0.0,0.0,0.0,0.0,0.0,0.0,-0.1,0.0,13.3,13.8,5.018,30.0,0.0
0.8531,2026-09-25T14:44:55.995,idle,idle,0,0,0.0,0.0,0.0,0.0,0.0,0.0,-0.1,0.0,13.3,13.8,5.018,30.0,0.0
0.8632,2026-09-25T14:44:56.006,idle,idle,0,0,0.0,0.0,0.0,0.0,0.0,0.0,-0.1,0.0,13.3,13.8,5.024,30.0,0.0
0.8734,2026-09-25T14:44:56.016,idle,idle,0,0,0.0,0.0,0.0,0.0,0.0,0.0,-0.1,0.0,13.3,13.8,5.024,30.0,0.0
0.8835,2026-09-25T14:44:56.026,idle,idle,0,0,0.0,0.0,0.0,0.0,0.0,0.0,-0.1,0.0,13.3,13.8,5.024,30.0,0.0
0.8937,2026-09-25T14:44:56.036,idle,idle,0,0,0.0,0.0,0.0,0.0,0.0,0.0,-0.1,0.0,13.3,13.8,5.024,30.0,0.0
0.9038,2026-09-25T14:44:56.046,idle,idle,0,0,0.0,0.0,0.0,0.0,0.0,0.0,-0.1,0.0,13.3,13.8,5.024,30.0,0.0
0.914,2026-09-25T14:44:56.057,idle,idle,0,0,0.0,0.0,0.0,0.0,0.0,0.0,-0.1,0.0,13.3,13.8,5.024,30.0,0.0
0.9247,2026-09-25T14:44:56.067,idle,idle,0,0,0.0,0.0,0.0,0.0,0.0,0.0,-0.1,0.0,13.3,13.8,5.024,30.0,0.0
0.9348,2026-09-25T14:44:56.077,idle,idle,0,0,0.0,0.0,0.0,0.0,0.0,0.0,-0.1,0.0,13.3,13.8,5.024,30.0,0.0
0.9449,2026-09-25T14:44:56.087,idle,idle,0,0,0.0,0.0,0.0,0.0,0.0,0.0,-0.1,0.0,13.3,13.8,5.024,30.0,0.0
0.955,2026-09-25T14:44:56.097,idle,idle,0,0,0.0,0.0,0.0,0.0,0.0,0.0,-0.1,0.0,13.3,13.8,5.024,30.0,0.0
0.9652,2026-09-25T14:44:56.108,idle,idle,0,0,0.0,0.0,0.0,0.0,0.0,0.0,-0.1,0.0,13.3,13.8,5.024,30.0,0.0
0.9753,2026-09-25T14:44:56.118,idle,idle,0,0,0.0,0.0,0.0,0.0,0.0,0.0,-0.1,0.0,13.3,13.8,5.024,30.0,0.0
0.9854,2026-09-25T14:44:56.128,idle,idle,0,0,0.0,0.0,0.0,0.0,0.0,0.0,-0.1,0.0,13.3,13.8,5.024,30.0,0.0
0.9955,2026-09-25T14:44:56.138,idle,idle,0,0,0.0,0.0,0.0,0.0,0.0,0.0,-0.1,0.0,13.2,13.8,5.02,30.0,0.0
1.0057,2026-09-25T14:44:56.148,idle,idle,0,0,0.0,0.0,0.0,0.0,0.0,0.0,-0.1,0.0,13.2,13.8,5.02,30.0,0.0
1.0159,2026-09-25T14:44:56.158,idle,idle,0,0,0.0,0.0,0.0,0.0,0.0,0.0,-0.1,0.0,13.2,13.8,5.02,30.0,0.0
1.0261,2026-09-25T14:44:56.168,idle,idle,0,0,0.0,0.0,0.0,0.0,0.0,0.0,-0.1,0.0,13.2,13.8,5.02,30.0,0.0
1.0362,2026-09-25T14:44:56.179,idle,idle,0,0,0.0,0.0,0.0,0.0,0.0,0.0,-0.1,0.0,13.2,13.8,5.02,30.0,0.0
1.0463,2026-09-25T14:44:56.189,idle,idle,0,0,0.0,0.0,0.0,0.0,0.0,0.0,-0.1,0.0,13.2,13.8,5.02,30.0,0.0
1.0564,2026-09-25T14:44:56.199,idle,idle,0,0,0.0,0.0,0.0,0.0,0.0,0.0,-0.1,0.0,13.2,13.8,5.02,30.0,0.0
1.0666,2026-09-25T14:44:56.209,idle,idle,0,0,0.0,0.0,0.0,0.0,0.0,0.0,-0.1,0.0,13.2,13.8,5.02,30.0,0.0
1.0767,2026-09-25T14:44:56.219,idle,idle,0,0,0.0,0.0,0.0,0.0,0.0,0.0,-0.1,0.0,13.2,13.8,5.02,30.0,0.0
1.0869,2026-09-25T14:44:56.229,idle,idle,0,0,0.0,0.0,0.0,0.0,0.0,0.0,-0.1,0.0,13.2,13.8,5.02,30.0,0.0
1.097,2026-09-25T14:44:56.239,idle,idle,0,0,0.0,0.0,0.0,0.0,0.0,0.0,-0.1,0.0,13.2,13.8,5.02,30.0,0.0
1.1071,2026-09-25T14:44:56.249,idle,idle,0,0,0.0,0.0,0.0,0.0,0.0,0.0,-0.1,0.0,13.2,13.8,5.02,30.0,0.0
1.1172,2026-09-25T14:44:56.260,idle,idle,0,0,0.0,0.0,0.0,0.0,0.0,0.0,-0.1,0.0,13.2,13.8,5.02,30.0,0.0
1.1277,2026-09-25T14:44:56.270,idle,idle,0,0,0.0,0.0,0.0,0.0,0.0,0.0,-0.1,0.0,13.2,13.8,5.02,30.0,0.0
1.1378,2026-09-25T14:44:56.280,idle,idle,0,0,0.0,0.0,0.0,0.0,0.0,0.0,-0.1,0.0,13.3,13.8,5.015,30.0,0.0
1.1479,2026-09-25T14:44:56.290,idle,idle,0,0,0.0,0.0,0.0,0.0,0.0,0.0,-0.1,0.0,13.3,13.8,5.015,30.0,0.0
1.158,2026-09-25T14:44:56.300,idle,idle,0,0,0.0,0.0,0.0,0.0,0.0,0.0,-0.1,0.0,13.3,13.8,5.015,30.0,0.0
1.1682,2026-09-25T14:44:56.311,idle,idle,0,0,0.0,0.0,0.0,0.0,0.0,0.0,-0.1,0.0,13.3,13.8,5.015,30.0,0.0
1.1783,2026-09-25T14:44:56.321,idle,idle,0,0,0.0,0.0,0.0,0.0,0.0,0.0,-0.1,0.0,13.3,13.8,5.015,30.0,0.0
1.1885,2026-09-25T14:44:56.331,idle,idle,0,0,0.0,0.0,0.0,0.0,0.0,0.0,-0.1,0.0,13.3,13.8,5.015,30.0,0.0
1.1986,2026-09-25T14:44:56.341,idle,idle,0,0,0.0,0.0,0.0,0.0,0.0,0.0,-0.1,0.0,13.3,13.8,5.015,30.0,0.0
1.2087,2026-09-25T14:44:56.351,idle,idle,0,0,0.0,0.0,0.0,0.0,0.0,0.0,-0.1,0.0,13.3,13.8,5.015,30.0,0.0
1.2188,2026-09-25T14:44:56.362,idle,idle,0,0,0.0,0.0,0.0,0.0,0.0,0.0,-0.1,0.0,13.3,13.8,5.015,30.0,0.0
1.2294,2026-09-25T14:44:56.372,idle,idle,0,0,0.0,0.0,0.0,0.0,0.0,0.0,-0.1,0.0,13.3,13.8,5.015,30.0,0.0
1.2395,2026-09-25T14:44:56.382,idle,idle,0,0,0.0,0.0,0.0,0.0,0.0,0.0,-0.1,0.0,13.3,13.8,5.015,30.0,0.0
1.2497,2026-09-25T14:44:56.392,idle,idle,0,0,0.0,0.0,0.0,0.0,0.0,0.0,-0.1,0.0,13.3,13.8,5.015,30.0,0.0
1.2599,2026-09-25T14:44:56.402,idle,idle,0,0,0.0,0.0,0.0,0.0,0.0,0.0,-0.1,0.0,13.3,13.8,5.015,30.0,0.0
1.27,2026-09-25T14:44:56.412,idle,idle,0,0,0.0,0.0,0.0,0.0,0.0,0.0,-0.1,0.0,13.3,13.8,5.015,30.0,0.0
1.2801,2026-09-25T14:44:56.422,idle,idle,0,0,0.0,0.0,0.0,0.0,0.0,0.0,-0.1,0.0,13.3,13.8,5.021,30.0,0.0
1.2902,2026-09-25T14:44:56.433,idle,idle,0,0,0.0,0.0,0.0,0.0,0.0,0.0,-0.1,0.0,13.3,13.8,5.021,30.0,0.0
1.3003,2026-09-25T14:44:56.443,idle,idle,0,0,0.0,0.0,0.0,0.0,0.0,0.0,-0.1,0.0,13.3,13.8,5.021,30.0,0.0
1.3104,2026-09-25T14:44:56.453,idle,idle,0,0,0.0,0.0,0.0,0.0,0.0,0.0,-0.1,0.0,13.3,13.8,5.021,30.0,0.0
1.3205,2026-09-25T14:44:56.463,idle,idle,0,0,0.0,0.0,0.0,0.0,0.0,0.0,-0.1,0.0,13.3,13.8,5.021,30.0,0.0
1.3309,2026-09-25T14:44:56.473,idle,idle,0,0,0.0,0.0,0.0,0.0,0.0,0.0,-0.1,0.0,13.3,13.8,5.021,30.0,0.0
1.3411,2026-09-25T14:44:56.483,idle,idle,0,0,0.0,0.0,0.0,0.0,0.0,0.0,-0.1,0.0,13.3,13.8,5.021,30.0,0.0
1.3512,2026-09-25T14:44:56.494,idle,idle,0,0,0.0,0.0,0.0,0.0,0.0,0.0,-0.1,0.0,13.3,13.8,5.021,30.0,0.0
1.3614,2026-09-25T14:44:56.504,idle,idle,0,0,0.0,0.0,0.0,0.0,0.0,0.0,-0.1,0.0,13.3,13.8,5.021,30.0,0.0
1.3715,2026-09-25T14:44:56.514,idle,idle,0,0,0.0,0.0,0.0,0.0,0.0,0.0,-0.1,0.0,13.3,13.8,5.021,30.0,0.0
1.3816,2026-09-25T14:44:56.524,idle,idle,0,0,0.0,0.0,0.0,0.0,0.0,0.0,-0.1,0.0,13.3,13.8,5.021,30.0,0.0
1.3918,2026-09-25T14:44:56.534,idle,idle,0,0,0.0,0.0,0.0,0.0,0.0,0.0,-0.1,0.0,13.3,13.8,5.021,30.0,0.0
1.4019,2026-09-25T14:44:56.544,idle,idle,0,0,0.0,0.0,0.0,0.0,0.0,0.0,-0.1,0.0,13.3,13.8,5.021,30.0,0.0
1.412,2026-09-25T14:44:56.554,idle,idle,0,0,0.0,0.0,0.0,0.0,0.0,0.0,-0.1,0.0,13.3,13.8,5.021,30.0,0.0
1.4221,2026-09-25T14:44:56.565,idle,idle,0,0,0.0,0.0,0.0,0.0,0.0,0.0,-0.1,0.0,13.3,13.8,5.018,30.0,0.0
1.4325,2026-09-25T14:44:56.575,idle,idle,0,0,0.0,0.0,0.0,0.0,0.0,0.0,-0.1,0.0,13.3,13.8,5.018,30.0,0.0
1.4426,2026-09-25T14:44:56.585,idle,idle,0,0,0.0,0.0,0.0,0.0,0.0,0.0,-0.1,0.0,13.3,13.8,5.018,30.0,0.0
1.4527,2026-09-25T14:44:56.595,idle,idle,0,0,0.0,0.0,0.0,0.0,0.0,0.0,-0.1,0.0,13.3,13.8,5.018,30.0,0.0
1.4629,2026-09-25T14:44:56.605,idle,idle,0,0,0.0,0.0,0.0,0.0,0.0,0.0,-0.1,0.0,13.3,13.8,5.018,30.0,0.0
1.473,2026-09-25T14:44:56.615,idle,idle,0,0,0.0,0.0,0.0,0.0,0.0,0.0,-0.1,0.0,13.3,13.8,5.018,30.0,0.0
1.4831,2026-09-25T14:44:56.625,idle,idle,0,0,0.0,0.0,0.0,0.0,0.0,0.0,-0.1,0.0,13.3,13.8,5.018,30.0,0.0
1.4931,2026-09-25T14:44:56.635,idle,idle,0,0,0.0,0.0,0.0,0.0,0.0,0.0,-0.1,0.0,13.3,13.8,5.018,30.0,0.0
1.5033,2026-09-25T14:44:56.646,idle,idle,0,0,0.0,0.0,0.0,0.0,0.0,0.0,-0.1,0.0,13.3,13.8,5.018,30.0,0.0
1.5134,2026-09-25T14:44:56.656,idle,idle,0,0,0.0,0.0,0.0,0.0,0.0,0.0,-0.1,0.0,13.3,13.8,5.018,30.0,0.0
1.5235,2026-09-25T14:44:56.666,idle,idle,0,0,0.0,0.0,0.0,0.0,0.0,0.0,-0.1,0.0,13.3,13.8,5.018,30.0,0.0
1.5337,2026-09-25T14:44:56.676,idle,idle,0,0,0.0,0.0,0.0,0.0,0.0,0.0,-0.1,0.0,13.3,13.8,5.018,30.0,0.0
1.5438,2026-09-25T14:44:56.686,idle,idle,0,0,0.0,0.0,0.0,0.0,0.0,0.0,-0.1,0.0,13.3,13.8,5.018,30.0,0.0
1.5539,2026-09-25T14:44:56.696,idle,idle,0,0,0.0,0.0,0.0,0.0,0.0,0.0,-0.1,0.0,13.3,13.8,5.018,30.0,0.0
1.564,2026-09-25T14:44:56.706,idle,idle,0,0,0.0,0.0,0.0,0.0,0.0,0.0,-0.1,0.0,13.3,13.8,5.016,30.0,0.0
1.5741,2026-09-25T14:44:56.716,idle,idle,0,0,0.0,0.0,0.0,0.0,0.0,0.0,-0.1,0.0,13.3,13.8,5.016,30.0,0.0
1.5842,2026-09-25T14:44:56.727,idle,idle,0,0,0.0,0.0,0.0,0.0,0.0,0.0,-0.1,0.0,13.3,13.8,5.016,30.0,0.0
1.5944,2026-09-25T14:44:56.737,idle,idle,0,0,0.0,0.0,0.0,0.0,0.0,0.0,-0.1,0.0,13.3,13.8,5.016,30.0,0.0
1.6046,2026-09-25T14:44:56.747,idle,idle,0,0,0.0,0.0,0.0,0.0,0.0,0.0,-0.1,0.0,13.3,13.8,5.016,30.0,0.0
1.6147,2026-09-25T14:44:56.757,idle,idle,0,0,0.0,0.0,0.0,0.0,0.0,0.0,-0.1,0.0,13.3,13.8,5.016,30.0,0.0
1.625,2026-09-25T14:44:56.768,idle,idle,0,0,0.0,0.0,0.0,0.0,0.0,0.0,-0.1,0.0,13.3,13.8,5.016,30.0,0.0
1.6357,2026-09-25T14:44:56.778,idle,idle,0,0,0.0,0.0,0.0,0.0,0.0,0.0,-0.1,0.0,13.3,13.8,5.016,30.0,0.0
1.6458,2026-09-25T14:44:56.788,idle,idle,0,0,0.0,0.0,0.0,0.0,0.0,0.0,-0.1,0.0,13.3,13.8,5.016,30.0,0.0
1.6559,2026-09-25T14:44:56.798,idle,idle,0,0,0.0,0.0,0.0,0.0,0.0,0.0,-0.1,0.0,13.3,13.8,5.016,30.0,0.0
1.666,2026-09-25T14:44:56.808,idle,idle,0,0,0.0,0.0,0.0,0.0,0.0,0.0,-0.1,0.0,13.3,13.8,5.016,30.0,0.0
1.6762,2026-09-25T14:44:56.819,idle,idle,0,0,0.0,0.0,0.0,0.0,0.0,0.0,-0.1,0.0,13.3,13.8,5.016,30.0,0.0
1.6863,2026-09-25T14:44:56.829,idle,idle,0,0,0.0,0.0,0.0,0.0,0.0,0.0,-0.1,0.0,13.3,13.8,5.016,30.0,0.0
1.6965,2026-09-25T14:44:56.839,idle,idle,0,0,0.0,0.0,0.0,0.0,0.0,0.0,-0.1,0.0,13.3,13.8,5.016,30.0,0.0
1.7066,2026-09-25T14:44:56.849,idle,idle,0,0,0.0,0.0,0.0,0.0,0.0,0.0,-0.1,0.0,13.2,13.8,5.018,30.0,0.0
1.7167,2026-09-25T14:44:56.859,idle,idle,0,0,0.0,0.0,0.0,0.0,0.0,0.0,-0.1,0.0,13.2,13.8,5.018,30.0,0.0
1.7269,2026-09-25T14:44:56.870,idle,idle,0,0,0.0,0.0,0.0,0.0,0.0,0.0,-0.1,0.0,13.2,13.8,5.018,30.0,0.0
1.7374,2026-09-25T14:44:56.880,idle,idle,0,0,0.0,0.0,0.0,0.0,0.0,0.0,-0.1,0.0,13.2,13.8,5.018,30.0,0.0
1.7476,2026-09-25T14:44:56.890,idle,idle,0,0,0.0,0.0,0.0,0.0,0.0,0.0,-0.1,0.0,13.2,13.8,5.018,30.0,0.0
1.7577,2026-09-25T14:44:56.900,idle,idle,0,0,0.0,0.0,0.0,0.0,0.0,0.0,-0.1,0.0,13.2,13.8,5.018,30.0,0.0
1.7679,2026-09-25T14:44:56.910,idle,idle,0,0,0.0,0.0,0.0,0.0,0.0,0.0,-0.1,0.0,13.2,13.8,5.018,30.0,0.0
1.778,2026-09-25T14:44:56.920,idle,idle,0,0,0.0,0.0,0.0,0.0,0.0,0.0,-0.1,0.0,13.2,13.8,5.018,30.0,0.0
1.7881,2026-09-25T14:44:56.930,idle,idle,0,0,0.0,0.0,0.0,0.0,0.0,0.0,-0.1,0.0,13.2,13.8,5.018,30.0,0.0
1.7982,2026-09-25T14:44:56.941,idle,idle,0,0,0.0,0.0,0.0,0.0,0.0,0.0,-0.1,0.0,13.2,13.8,5.018,30.0,0.0
1.8083,2026-09-25T14:44:56.951,idle,idle,0,0,0.0,0.0,0.0,0.0,0.0,0.0,-0.1,0.0,13.2,13.8,5.018,30.0,0.0
1.8185,2026-09-25T14:44:56.961,idle,idle,0,0,0.0,0.0,0.0,0.0,0.0,0.0,-0.1,0.0,13.2,13.8,5.018,30.0,0.0
1.8286,2026-09-25T14:44:56.971,idle,idle,0,0,0.0,0.0,0.0,0.0,0.0,0.0,-0.1,0.0,13.2,13.8,5.018,30.0,0.0
1.8388,2026-09-25T14:44:56.981,idle,idle,0,0,0.0,0.0,0.0,0.0,0.0,0.0,-0.1,0.0,13.2,13.8,5.018,30.0,0.0
1.8489,2026-09-25T14:44:56.991,idle,idle,0,0,0.0,0.0,0.0,0.0,0.0,0.0,-0.1,0.0,13.3,13.8,5.004,30.0,0.0
1.859,2026-09-25T14:44:57.001,idle,idle,0,0,0.0,0.0,0.0,0.0,0.0,0.0,-0.1,0.0,13.3,13.8,5.004,30.0,0.0
1.8691,2026-09-25T14:44:57.011,idle,idle,0,0,0.0,0.0,0.0,0.0,0.0,0.0,-0.1,0.0,13.3,13.8,5.004,30.0,0.0
1.8792,2026-09-25T14:44:57.022,idle,idle,0,0,0.0,0.0,0.0,0.0,0.1,0.0,-0.1,0.0,13.3,13.8,5.004,30.0,0.0
1.8893,2026-09-25T14:44:57.032,idle,idle,0,0,0.0,0.0,0.0,0.0,0.1,0.0,-0.1,0.0,13.3,13.8,5.004,30.0,0.0
1.8994,2026-09-25T14:44:57.042,idle,idle,0,0,0.0,0.0,0.0,0.0,0.1,0.0,-0.1,0.0,13.3,13.8,5.004,30.0,0.0
1.9096,2026-09-25T14:44:57.052,idle,idle,0,0,0.0,0.0,0.0,0.0,0.1,0.0,-0.1,0.0,13.3,13.8,5.004,30.0,0.0
1.9197,2026-09-25T14:44:57.062,idle,idle,0,0,0.0,0.0,0.0,0.0,0.1,0.0,-0.1,0.0,13.3,13.8,5.004,30.0,0.0
1.9298,2026-09-25T14:44:57.072,idle,idle,0,0,0.0,0.0,0.0,0.0,0.1,0.0,-0.1,0.0,13.3,13.8,5.004,30.0,0.0
1.9402,2026-09-25T14:44:57.083,idle,idle,0,0,0.0,0.0,0.0,0.0,0.1,0.0,-0.1,0.0,13.3,13.8,5.004,30.0,0.0
1.9503,2026-09-25T14:44:57.093,idle,idle,0,0,0.0,0.0,0.0,0.0,0.1,0.0,-0.1,0.0,13.3,13.8,5.004,30.0,0.0
1.9605,2026-09-25T14:44:57.103,idle,idle,0,0,0.0,0.0,0.0,0.0,0.1,0.0,-0.1,0.0,13.3,13.8,4.998,30.0,0.0
1.9706,2026-09-25T14:44:57.113,idle,idle,0,0,0.0,0.0,0.0,0.0,0.1,0.0,-0.1,0.0,13.3,13.8,4.998,30.0,0.0
1.9807,2026-09-25T14:44:57.123,idle,idle,0,0,0.0,0.0,0.0,0.0,0.1,0.0,-0.1,0.0,13.3,13.8,4.998,30.0,0.0
1.9908,2026-09-25T14:44:57.133,idle,idle,0,0,0.0,0.0,0.0,0.0,0.1,0.0,-0.1,0.0,13.3,13.8,4.998,30.0,0.0
2.0009,2026-09-25T14:44:57.143,idle,idle,0,0,0.0,0.0,0.0,0.0,0.1,0.0,-0.1,0.0,13.3,13.8,4.998,30.0,0.0
2.011,2026-09-25T14:44:57.153,idle,idle,0,0,0.0,0.0,0.0,0.0,0.1,0.0,-0.1,0.0,13.3,13.8,4.998,30.0,0.0
2.0211,2026-09-25T14:44:57.163,idle,idle,0,0,0.0,0.0,0.0,0.0,0.0,0.0,-0.1,0.0,13.3,13.8,4.998,30.0,0.0
2.0313,2026-09-25T14:44:57.174,idle,idle,0,0,0.0,0.0,0.0,0.0,0.0,0.0,-0.1,0.0,13.3,13.8,4.998,30.0,0.0
2.0419,2026-09-25T14:44:57.184,idle,idle,0,0,0.0,0.0,0.0,0.0,0.0,0.0,-0.1,0.0,13.3,13.8,4.998,30.0,0.0
2.052,2026-09-25T14:44:57.194,idle,idle,0,0,0.0,0.0,0.0,0.0,0.0,0.0,-0.1,0.0,13.3,13.8,4.998,30.0,0.0
2.0621,2026-09-25T14:44:57.204,idle,idle,0,0,0.0,0.0,0.0,0.0,0.0,0.0,-0.1,0.0,13.3,13.8,4.998,30.0,0.0
2.0722,2026-09-25T14:44:57.215,idle,idle,0,0,0.0,0.0,0.0,0.0,0.0,0.0,-0.1,0.0,13.3,13.8,4.998,30.0,0.0
2.0824,2026-09-25T14:44:57.225,idle,idle,0,0,0.0,0.0,0.0,0.0,0.0,0.0,-0.1,0.0,13.3,13.8,4.998,30.0,0.0
2.0925,2026-09-25T14:44:57.235,idle,idle,0,0,0.0,0.0,0.0,0.0,0.0,0.0,-0.1,0.0,13.3,13.8,4.998,30.0,0.0
2.1026,2026-09-25T14:44:57.245,idle,idle,0,0,0.0,0.0,0.0,0.0,0.0,0.0,-0.1,0.0,13.3,13.8,4.998,30.0,0.0
2.1128,2026-09-25T14:44:57.255,idle,idle,0,0,0.0,0.0,0.0,0.0,0.0,0.0,-0.1,0.0,13.3,13.8,4.998,30.0,0.0
2.1229,2026-09-25T14:44:57.265,idle,idle,0,0,0.0,0.0,0.0,0.0,0.0,0.0,-0.1,0.0,13.3,13.8,5.02,30.0,0.0
2.133,2026-09-25T14:44:57.276,idle,idle,0,0,0.0,0.0,0.0,0.0,0.0,0.0,-0.1,0.0,13.3,13.8,5.02,30.0,0.0
2.1434,2026-09-25T14:44:57.286,idle,idle,0,0,0.0,0.0,0.0,0.0,0.0,0.0,-0.1,0.0,13.3,13.8,5.02,30.0,0.0
2.1536,2026-09-25T14:44:57.296,idle,idle,0,0,0.0,0.0,0.0,0.0,0.0,0.0,-0.1,0.0,13.3,13.8,5.02,30.0,0.0
2.1637,2026-09-25T14:44:57.306,idle,idle,0,0,0.0,0.0,0.0,0.0,0.0,0.0,-0.1,0.0,13.3,13.8,5.02,30.0,0.0
2.1738,2026-09-25T14:44:57.316,idle,idle,0,0,0.0,0.0,0.0,0.0,0.0,0.0,-0.1,0.0,13.3,13.8,5.02,30.0,0.0
2.184,2026-09-25T14:44:57.326,idle,idle,0,0,0.0,0.0,0.0,0.0,0.0,0.0,-0.1,0.0,13.3,13.8,5.02,30.0,0.0
2.1941,2026-09-25T14:44:57.336,idle,idle,0,0,0.0,0.0,0.0,0.0,0.0,0.0,-0.1,0.0,13.3,13.8,5.02,30.0,0.0
2.2042,2026-09-25T14:44:57.347,idle,idle,0,0,0.0,0.0,0.0,0.0,0.0,0.0,-0.1,0.0,13.3,13.8,5.02,30.0,0.0
2.2145,2026-09-25T14:44:57.357,idle,idle,0,0,0.0,0.0,0.0,0.0,0.0,0.0,-0.1,0.0,13.3,13.8,5.02,30.0,0.0
2.2246,2026-09-25T14:44:57.367,idle,idle,0,0,0.0,0.0,0.0,0.0,0.0,0.0,-0.1,0.0,13.3,13.8,5.02,30.0,0.0
2.2348,2026-09-25T14:44:57.378,idle,idle,0,0,0.0,0.0,0.0,0.0,0.0,0.0,-0.1,0.0,13.3,13.8,5.02,30.0,0.0
2.2455,2026-09-25T14:44:57.388,idle,idle,0,0,0.0,0.0,0.0,0.0,0.0,0.0,-0.1,0.0,13.3,13.8,5.002,30.0,0.0
2.2556,2026-09-25T14:44:57.398,idle,idle,0,0,0.0,0.0,0.0,0.0,0.0,0.0,-0.1,0.0,13.3,13.8,5.002,30.0,0.0
2.2658,2026-09-25T14:44:57.408,idle,idle,0,0,0.0,0.0,0.0,0.0,0.0,0.0,-0.1,0.0,13.3,13.8,5.002,30.0,0.0
2.2759,2026-09-25T14:44:57.418,idle,idle,0,0,0.0,0.0,0.0,0.0,0.0,0.0,-0.1,0.0,13.3,13.8,5.002,30.0,0.0
2.2861,2026-09-25T14:44:57.428,idle,idle,0,0,0.0,0.0,0.0,0.0,0.0,0.0,-0.1,0.0,13.3,13.8,5.002,30.0,0.0
2.2962,2026-09-25T14:44:57.439,idle,idle,0,0,0.0,0.0,0.0,0.0,0.0,0.0,-0.1,0.0,13.3,13.8,5.002,30.0,0.0
2.3064,2026-09-25T14:44:57.449,idle,idle,0,0,0.0,0.0,0.0,0.0,0.0,0.0,-0.1,0.0,13.3,13.8,5.002,30.0,0.0
2.3165,2026-09-25T14:44:57.459,idle,idle,0,0,0.0,0.0,0.0,0.0,0.0,0.0,-0.1,0.0,13.3,13.8,5.002,30.0,0.0
2.3266,2026-09-25T14:44:57.469,idle,idle,0,0,0.0,0.0,0.0,0.0,0.0,0.0,-0.1,0.0,13.3,13.8,5.002,30.0,0.0
2.3367,2026-09-25T14:44:57.479,idle,idle,0,0,0.0,0.0,0.0,0.0,0.0,0.0,-0.1,0.0,13.3,13.8,5.002,30.0,0.0
2.3473,2026-09-25T14:44:57.490,idle,idle,0,0,0.0,0.0,0.0,0.0,0.0,0.0,-0.1,0.0,13.3,13.8,5.002,30.0,0.0
2.3574,2026-09-25T14:44:57.500,idle,idle,0,0,0.0,0.0,0.0,0.0,0.0,0.0,-0.1,0.0,13.3,13.8,5.002,30.0,0.0
2.3676,2026-09-25T14:44:57.510,idle,idle,0,0,0.0,0.0,0.0,0.0,0.0,0.0,-0.1,0.0,13.3,13.8,5.002,30.0,0.0
2.3778,2026-09-25T14:44:57.520,idle,idle,0,0,0.0,0.0,0.0,0.0,0.0,0.0,-0.1,0.0,13.3,13.8,5.002,30.0,0.0
2.3879,2026-09-25T14:44:57.530,idle,idle,0,0,0.0,0.0,0.0,0.0,0.0,0.0,-0.1,0.0,13.2,13.8,5.012,30.0,0.0
2.398,2026-09-25T14:44:57.540,idle,idle,0,0,0.0,0.0,0.0,0.0,0.0,0.0,-0.1,0.0,13.2,13.8,5.012,30.0,0.0
2.4082,2026-09-25T14:44:57.551,idle,idle,0,0,0.0,0.0,0.0,0.0,0.0,0.0,-0.1,0.0,13.2,13.8,5.012,30.0,0.0
2.4183,2026-09-25T14:44:57.561,idle,idle,0,0,0.0,0.0,0.0,0.0,0.0,0.0,-0.1,0.0,13.2,13.8,5.012,30.0,0.0
2.4285,2026-09-25T14:44:57.571,idle,idle,0,0,0.0,0.0,0.0,0.0,0.0,0.0,-0.1,0.0,13.2,13.8,5.012,30.0,0.0
2.4386,2026-09-25T14:44:57.581,idle,idle,0,0,0.0,0.0,0.0,0.0,0.0,0.0,-0.1,0.0,13.2,13.8,5.012,30.0,0.0
2.4491,2026-09-25T14:44:57.591,idle,idle,0,0,0.0,0.0,0.0,0.0,0.0,0.0,-0.1,0.0,13.2,13.8,5.012,30.0,0.0
2.4592,2026-09-25T14:44:57.602,idle,idle,0,0,0.0,0.0,0.0,0.0,0.0,0.0,-0.1,0.0,13.2,13.8,5.012,30.0,0.0
2.4693,2026-09-25T14:44:57.612,idle,idle,0,0,0.0,0.0,0.0,0.0,0.0,0.0,-0.1,0.0,13.2,13.8,5.012,30.0,0.0
2.4795,2026-09-25T14:44:57.622,idle,idle,0,0,0.0,0.0,0.0,0.0,0.0,0.0,-0.1,0.0,13.2,13.8,5.012,30.0,0.0
2.4896,2026-09-25T14:44:57.632,idle,idle,0,0,0.0,0.0,0.0,0.0,0.0,0.0,-0.1,0.0,13.2,13.8,5.012,30.0,0.0
2.4997,2026-09-25T14:44:57.642,idle,idle,0,0,0.0,0.0,0.0,0.0,0.0,0.0,-0.1,0.0,13.2,13.8,5.012,30.0,0.0
2.5098,2026-09-25T14:44:57.652,idle,idle,0,0,0.0,0.0,0.0,0.0,0.0,0.0,-0.1,0.0,13.2,13.8,5.012,30.0,0.0
2.52,2026-09-25T14:44:57.662,idle,idle,0,0,0.0,0.0,0.0,0.0,0.0,0.0,-0.1,0.0,13.2,13.8,5.012,30.0,0.0
2.5302,2026-09-25T14:44:57.673,idle,idle,0,0,0.0,0.0,0.0,0.0,0.0,0.0,-0.1,0.0,13.2,13.8,5.012,30.0,0.0
2.5403,2026-09-25T14:44:57.683,idle,idle,0,0,0.0,0.0,0.0,0.0,0.0,0.0,-0.1,0.0,13.2,13.8,5.012,30.0,0.0
2.5508,2026-09-25T14:44:57.693,idle,idle,0,0,0.0,0.0,0.0,0.0,0.0,0.0,-0.1,0.0,13.3,13.8,5.001,30.0,0.0
2.561,2026-09-25T14:44:57.703,idle,idle,0,0,0.0,0.0,0.0,0.0,0.0,0.0,-0.1,0.0,13.3,13.8,5.001,30.0,0.0
2.5712,2026-09-25T14:44:57.714,idle,idle,0,0,0.0,0.0,0.0,0.0,0.1,0.0,-0.1,0.0,13.3,13.8,5.001,30.0,0.0
2.5813,2026-09-25T14:44:57.724,idle,idle,0,0,0.0,0.0,0.0,0.0,0.1,0.0,-0.1,0.0,13.3,13.8,5.001,30.0,0.0
2.5915,2026-09-25T14:44:57.734,idle,idle,0,0,0.0,0.0,0.0,0.0,0.1,0.0,-0.1,0.0,13.3,13.8,5.001,30.0,0.0
2.6017,2026-09-25T14:44:57.744,idle,idle,0,0,0.0,0.0,0.0,0.0,0.1,0.0,-0.1,0.0,13.3,13.8,5.001,30.0,0.0
2.6118,2026-09-25T14:44:57.754,idle,idle,0,0,0.0,0.0,0.0,0.0,0.1,0.0,-0.1,0.0,13.3,13.8,5.001,30.0,0.0
2.6219,2026-09-25T14:44:57.764,idle,idle,0,0,0.0,0.0,0.0,0.0,0.1,0.0,-0.1,0.0,13.3,13.8,5.001,30.0,0.0
2.6321,2026-09-25T14:44:57.774,idle,idle,0,0,0.0,0.0,0.0,0.0,0.1,0.0,-0.1,0.0,13.3,13.8,5.001,30.0,0.0
2.6422,2026-09-25T14:44:57.785,idle,idle,0,0,0.0,0.0,0.0,0.0,0.1,0.0,-0.1,0.0,13.3,13.8,5.001,30.0,0.0
2.6527,2026-09-25T14:44:57.795,idle,idle,0,0,0.0,0.0,0.0,0.0,0.1,0.0,-0.1,0.0,13.3,13.8,5.001,30.0,0.0
2.6628,2026-09-25T14:44:57.805,idle,idle,0,0,0.0,0.0,0.0,0.0,0.1,0.0,-0.1,0.0,13.3,13.8,5.001,30.0,0.0
2.673,2026-09-25T14:44:57.815,idle,idle,0,0,0.0,0.0,0.0,0.0,0.1,0.0,-0.1,0.0,13.3,13.8,5.008,30.0,0.0
2.6832,2026-09-25T14:44:57.826,idle,idle,0,0,0.0,0.0,0.0,0.0,0.1,0.0,-0.1,0.0,13.3,13.8,5.008,30.0,0.0
2.6933,2026-09-25T14:44:57.836,idle,idle,0,0,0.0,0.0,0.0,0.0,0.1,0.0,-0.1,0.0,13.3,13.8,5.008,30.0,0.0
2.7035,2026-09-25T14:44:57.846,idle,idle,0,0,0.0,0.0,0.0,0.0,0.1,0.0,-0.1,0.0,13.3,13.8,5.008,30.0,0.0
2.7136,2026-09-25T14:44:57.856,idle,idle,0,0,0.0,0.0,0.0,0.0,0.0,0.0,-0.1,0.0,13.3,13.8,5.008,30.0,0.0
2.7238,2026-09-25T14:44:57.866,idle,idle,0,0,0.0,0.0,0.0,0.0,0.0,0.0,-0.1,0.0,13.3,13.8,5.008,30.0,0.0
2.734,2026-09-25T14:44:57.876,idle,idle,0,0,0.0,0.0,0.0,0.0,0.0,0.0,-0.1,0.0,13.3,13.8,5.008,30.0,0.0
2.7441,2026-09-25T14:44:57.887,idle,idle,0,0,0.0,0.0,0.0,0.0,0.0,0.0,-0.1,0.0,13.3,13.8,5.008,30.0,0.0
2.7545,2026-09-25T14:44:57.897,idle,idle,0,0,0.0,0.0,0.0,0.0,0.0,0.0,-0.1,0.0,13.3,13.8,5.008,30.0,0.0
2.7646,2026-09-25T14:44:57.907,idle,idle,0,0,0.0,0.0,0.0,0.0,0.0,0.0,-0.1,0.0,13.3,13.8,5.008,30.0,0.0
2.7748,2026-09-25T14:44:57.917,idle,idle,0,0,0.0,0.0,0.0,0.0,0.0,0.0,-0.1,0.0,13.3,13.8,5.008,30.0,0.0
2.785,2026-09-25T14:44:57.927,idle,idle,0,0,0.0,0.0,0.0,0.0,0.0,0.0,-0.1,0.0,13.3,13.8,5.008,30.0,0.0
2.7951,2026-09-25T14:44:57.937,idle,idle,0,0,0.0,0.0,0.0,0.0,0.0,0.0,-0.1,0.0,13.3,13.8,5.008,30.0,0.0
2.8052,2026-09-25T14:44:57.948,idle,idle,0,0,0.0,0.0,0.0,0.0,0.0,0.0,-0.1,0.0,13.2,13.8,5.012,30.0,0.0
2.8153,2026-09-25T14:44:57.958,idle,idle,0,0,0.0,0.0,0.0,0.0,0.0,0.0,-0.1,0.0,13.2,13.8,5.012,30.0,0.0
2.8255,2026-09-25T14:44:57.968,idle,idle,0,0,0.0,0.0,0.0,0.0,0.0,0.0,-0.1,0.0,13.2,13.8,5.012,30.0,0.0
2.8356,2026-09-25T14:44:57.978,idle,idle,0,0,0.0,0.0,0.0,0.0,0.0,0.0,-0.1,0.0,13.2,13.8,5.012,30.0,0.0
2.8457,2026-09-25T14:44:57.988,idle,idle,0,0,0.0,0.0,0.0,0.0,0.0,0.0,-0.1,0.0,13.2,13.8,5.012,30.0,0.0
2.8561,2026-09-25T14:44:57.998,idle,idle,0,0,0.0,0.0,0.0,0.0,0.0,0.0,-0.1,0.0,13.2,13.8,5.012,30.0,0.0
2.8663,2026-09-25T14:44:58.009,idle,idle,0,0,0.0,0.0,0.0,0.0,0.0,0.0,-0.1,0.0,13.2,13.8,5.012,30.0,0.0
2.8764,2026-09-25T14:44:58.019,idle,idle,0,0,0.0,0.0,0.0,0.0,0.0,0.0,-0.1,0.0,13.2,13.8,5.012,30.0,0.0
2.8865,2026-09-25T14:44:58.029,idle,idle,0,0,0.0,0.0,0.0,0.0,0.0,0.0,-0.1,0.0,13.2,13.8,5.012,30.0,0.0
2.8966,2026-09-25T14:44:58.039,idle,idle,0,0,0.0,0.0,0.0,0.0,0.0,0.0,-0.1,0.0,13.2,13.8,5.012,30.0,0.0
2.9067,2026-09-25T14:44:58.049,idle,idle,0,0,0.0,0.0,0.0,0.0,0.0,0.0,-0.1,0.0,13.2,13.8,5.012,30.0,0.0
2.9169,2026-09-25T14:44:58.059,idle,idle,0,0,0.0,0.0,0.0,0.0,0.0,0.0,-0.1,0.0,13.2,13.8,5.012,30.0,0.0
2.927,2026-09-25T14:44:58.069,idle,idle,0,0,0.0,0.0,0.0,0.0,0.0,0.0,-0.1,0.0,13.2,13.8,5.012,30.0,0.0
2.9371,2026-09-25T14:44:58.079,idle,idle,0,0,0.0,0.0,0.0,0.0,0.0,0.0,-0.1,0.0,13.2,13.8,5.012,30.0,0.0
2.9473,2026-09-25T14:44:58.090,idle,idle,0,0,0.0,0.0,0.0,0.0,0.0,0.0,-0.1,0.0,13.2,13.8,5.015,30.0,0.0
2.9579,2026-09-25T14:44:58.100,idle,idle,0,0,0.0,0.0,0.0,0.0,0.0,0.0,-0.1,0.0,13.2,13.8,5.015,30.0,0.0
2.9681,2026-09-25T14:44:58.110,idle,idle,0,0,0.0,0.0,0.0,0.0,0.0,0.0,-0.1,0.0,13.2,13.8,5.015,30.0,0.0
2.9782,2026-09-25T14:44:58.121,idle,idle,0,0,0.0,0.0,0.0,0.0,0.0,0.0,-0.1,0.0,13.2,13.8,5.015,30.0,0.0
2.9883,2026-09-25T14:44:58.131,idle,idle,0,0,0.0,0.0,0.0,0.0,0.0,0.0,-0.1,0.0,13.2,13.8,5.015,30.0,0.0
2.9984,2026-09-25T14:44:58.141,idle,idle,0,0,0.0,0.0,0.0,0.0,0.0,0.0,-0.1,0.0,13.2,13.8,5.015,30.0,0.0
